Symbol,Series,Date,Prev Close,Open Price,High Price,Low Price,Last Price,Close Price,Average Price,Total Traded Quantity,Turnover ₹,No. of Trades,Deliverable Qty,% Dly Qt to Traded Qty
ITC,EQ,2021-09-15,216.1,217.1,217.2,215.3,215.7,216.0,215.9,20248758,4371704280.7,103557,13749583.0,67.9
ITC,EQ,2021-09-16,216.0,216.95,233.65,216.3,230.3,230.75,229.26,149238901,34215026418.75,734612,44833384.0,30.04
ITC,EQ,2021-09-17,230.75,233.0,237.3,229.1,231.5,231.15,232.96,79501805,18521035212.55,406400,26808048.0,33.72
ITC,EQ,2021-09-20,231.15,231.0,239.35,230.25,232.95,233.75,235.83,70390969,16600526835.4,419200,24057714.0,34.18
ITC,EQ,2021-09-21,233.75,234.95,242.45,231.7,241.55,241.5,237.79,56671832,13476219719.75,327928,19197880.0,33.88
ITC,EQ,2021-09-22,241.5,243.5,245.8,240.7,243.0,243.5,243.28,52621868,12802048327.1,309101,22171661.0,42.13
ITC,EQ,2021-09-23,243.5,245.0,245.6,241.7,242.35,242.5,243.18,21791090,5299228640.4,198020,10092922.0,46.32
ITC,EQ,2021-09-24,242.5,244.0,244.0,237.7,238.2,238.45,240.27,24823291,5964251168.4,210081,11708286.0,47.17
ITC,EQ,2021-09-27,238.45,239.8,241.85,235.5,238.5,238.7,238.63,22890540,5462469728.1,164828,8855963.0,38.69
ITC,EQ,2021-09-28,238.7,239.85,241.6,236.3,237.25,237.75,238.82,15713947,3752873734.75,126931,6473185.0,41.19
ITC,EQ,2021-09-29,237.75,236.0,241.4,235.7,237.85,238.1,238.18,15450046,3679856652.9,125680,6183100.0,40.02
ITC,EQ,2021-09-30,238.1,239.9,240.4,235.25,235.8,236.15,237.68,16357902,3887886982.7,120162,8001445.0,48.91
ITC,EQ,2021-10-01,236.15,235.2,237.0,232.9,235.25,235.35,234.62,15956143,3743680334.05,136058,6563294.0,41.13
ITC,EQ,2021-10-04,235.35,236.0,238.35,235.4,236.6,236.6,236.93,10686552,2531930783.5,105551,4570937.0,42.77
ITC,BL,2021-10-04,256.0,235.35,235.35,235.35,235.35,235.35,235.35,2737937,644373472.95,1,,
ITC,EQ,2021-10-05,236.6,236.4,237.45,234.5,234.6,234.7,235.35,9223597,2170741557.95,94090,4699478.0,50.95
ITC,EQ,2021-10-06,234.7,234.8,236.4,230.6,230.9,231.25,232.89,17505160,4076718725.15,112565,9907202.0,56.6
ITC,EQ,2021-10-07,231.25,233.0,234.95,232.3,232.95,232.95,233.59,10371535,2422666147.55,85072,5157574.0,49.73
ITC,EQ,2021-10-08,232.95,234.75,234.8,231.2,231.9,231.7,232.63,9739240,2265638076.15,89186,4347984.0,44.64
ITC,EQ,2021-10-11,231.7,232.0,239.5,231.7,238.2,238.05,236.17,21184428,5003054961.3,153853,9900712.0,46.74
ITC,EQ,2021-10-12,238.05,238.6,243.0,238.0,241.3,241.3,240.78,29222028,7036105158.75,205242,11646287.0,39.85
ITC,EQ,2021-10-13,241.3,242.55,250.9,240.15,250.9,249.2,245.44,50159625,12311287566.95,259485,23041573.0,45.94
ITC,EQ,2021-10-14,249.2,253.25,261.85,250.35,256.3,256.55,256.08,85406902,21871243335.1,447958,35651835.0,41.74
ITC,EQ,2021-10-18,256.55,261.0,265.3,257.35,261.8,262.55,261.24,60292901,15751216295.4,318410,31847322.0,52.82
ITC,EQ,2021-10-19,262.55,261.4,262.55,245.05,246.1,245.95,251.38,59061766,14847106587.2,445769,24569236.0,41.6
ITC,EQ,2021-10-20,245.95,245.95,248.5,242.35,246.5,246.6,245.66,47822165,11747933319.0,230234,23788245.0,49.74
ITC,EQ,2021-10-21,246.6,248.0,248.35,243.1,244.7,244.7,244.77,22518727,5511975287.3,143909,11701284.0,51.96
ITC,EQ,2021-10-22,244.7,244.7,245.8,233.7,236.5,236.6,238.65,35537151,8480766476.85,236176,17009316.0,47.86
ITC,EQ,2021-10-25,236.6,234.1,236.65,230.5,233.0,233.4,233.82,22333919,5222067171.6,159014,10292852.0,46.09
ITC,EQ,2021-10-26,233.4,234.1,239.0,232.6,238.75,236.7,235.05,18934170,4450564038.95,150678,8686277.0,45.88
ITC,EQ,2021-10-27,236.7,240.25,241.3,236.2,238.95,238.45,239.14,25911499,6196466843.5,178935,7962038.0,30.73
ITC,EQ,2021-10-28,238.45,235.1,235.95,224.15,225.15,225.1,228.88,46282465,10593306757.35,374260,21023555.0,45.42
ITC,EQ,2021-10-29,225.1,225.0,228.25,222.3,223.45,223.2,225.09,26642108,5996799627.85,209691,12629129.0,47.4
ITC,EQ,2021-11-01,223.2,224.15,227.55,222.5,226.8,226.85,224.82,23197539,5215171128.7,136114,14254678.0,61.45
ITC,EQ,2021-11-02,226.85,228.0,229.25,224.5,226.0,225.6,226.05,14343859,3242359657.15,120551,6928470.0,48.3
ITC,EQ,2021-11-03,225.6,226.0,226.85,221.7,222.75,222.45,223.82,17843327,3993623454.2,119495,11487403.0,64.38
ITC,EQ,2021-11-04,222.45,224.85,227.3,224.0,227.15,226.55,225.88,7024796,1586768036.2,106228,4126838.0,58.75
ITC,EQ,2021-11-08,226.55,229.7,230.7,225.7,229.65,229.8,228.22,20270558,4626147774.4,168607,9872907.0,48.71
ITC,EQ,2021-11-09,229.8,229.85,230.9,227.85,228.85,228.75,229.11,11520817,2639533492.85,131594,5224823.0,45.35
ITC,EQ,2021-11-10,228.75,227.45,232.85,227.2,230.75,230.85,230.52,13431108,3096182598.0,110805,4693940.0,34.95
ITC,EQ,2021-11-11,230.85,230.4,231.5,228.55,230.2,230.0,229.65,8134962,1868179857.3,96104,3356619.0,41.26
ITC,EQ,2021-11-12,230.0,231.2,233.95,229.15,232.85,232.9,231.88,11855531,2749078685.5,99013,4459244.0,37.61
ITC,EQ,2021-11-15,232.9,233.95,239.0,233.1,238.15,238.1,236.77,38755267,9176154208.0,176533,21205338.0,54.72
ITC,EQ,2021-11-16,238.1,239.05,239.65,235.0,235.25,235.45,237.36,14675969,3483462764.4,97861,7990381.0,54.45
ITC,EQ,2021-11-17,235.45,236.0,245.25,235.65,239.3,239.5,240.97,46697822,11252900644.6,246949,15742715.0,33.71
ITC,EQ,2021-11-18,239.5,240.0,243.0,236.3,237.65,237.5,239.33,20226071,4840731217.2,155791,6235411.0,30.83
ITC,EQ,2021-11-22,237.5,237.9,240.75,229.55,230.65,230.9,234.65,22574227,5297154356.35,208402,9151955.0,40.54
ITC,EQ,2021-11-23,230.9,229.15,232.7,229.15,231.6,231.6,231.58,13433385,3110900696.85,108687,5619040.0,41.83
ITC,EQ,2021-11-24,231.6,232.45,232.7,226.95,227.2,227.7,230.18,14139854,3254708104.85,115870,7123530.0,50.38
ITC,EQ,2021-11-25,227.7,227.0,232.2,225.75,231.75,231.3,229.18,23904846,5478606329.6,156605,8611244.0,36.02
ITC,EQ,2021-11-26,231.3,228.9,230.05,223.1,223.6,224.0,225.91,27027022,6105588978.9,245321,14680176.0,54.32
ITC,EQ,2021-11-29,224.0,222.0,223.65,220.2,221.7,221.5,221.89,22132952,4911170711.55,165328,12432385.0,56.17
ITC,EQ,2021-11-30,221.5,222.0,225.2,220.0,221.7,221.15,222.37,23503453,5226406262.1,175420,14090658.0,59.95
ITC,EQ,2021-12-01,221.15,222.0,223.3,220.6,222.45,221.9,221.74,12995800,2881630209.6,88476,7655675.0,58.91
ITC,EQ,2021-12-02,221.9,221.9,226.15,221.3,225.4,225.45,223.81,15904846,3559587477.9,108458,8098598.0,50.92
ITC,EQ,2021-12-03,225.45,225.0,226.2,221.35,221.5,221.65,223.15,13794647,3078281193.7,130988,7478145.0,54.21
ITC,EQ,2021-12-06,221.65,221.65,222.2,217.5,217.7,217.9,219.34,13138355,2881802652.1,132878,7003402.0,53.31
ITC,EQ,2021-12-07,217.9,218.9,221.95,218.1,220.7,220.65,219.99,8903842,1958738018.1,99015,3596089.0,40.39
ITC,EQ,2021-12-08,220.65,221.0,225.65,221.0,224.7,224.95,223.46,9861847,2203730739.1,84237,4179653.0,42.38
ITC,EQ,2021-12-09,224.95,223.0,236.45,223.0,236.0,235.4,231.46,38241864,8851290206.8,216236,11266040.0,29.46
ITC,EQ,2021-12-10,235.4,236.2,238.95,233.75,235.9,236.1,236.19,35162889,8305115864.9,246387,11667957.0,33.18
ITC,EQ,2021-12-13,236.1,238.0,238.75,234.15,234.7,234.6,236.45,22054342,5214696388.1,154806,9908604.0,44.93
ITC,EQ,2021-12-14,234.6,235.0,237.1,227.55,228.2,228.6,231.71,37508445,8691262679.75,228230,12976552.0,34.6
ITC,EQ,2021-12-15,228.6,230.0,232.2,223.4,223.95,224.05,226.31,34653042,7842492531.6,304419,13185906.0,38.05
ITC,EQ,2021-12-16,224.05,226.0,226.15,220.8,223.4,222.9,222.54,24199205,5385347742.4,177983,11373986.0,47.0
ITC,EQ,2021-12-17,222.9,222.8,222.85,216.75,218.1,217.95,219.44,29683982,6513778742.65,191038,17892529.0,60.28
ITC,EQ,2021-12-20,217.95,216.25,216.25,209.8,212.5,212.4,212.17,37340790,7922523254.75,227969,19859943.0,53.19
ITC,EQ,2021-12-21,212.4,214.0,215.45,211.05,212.5,212.5,213.34,19395604,4137785575.55,171292,9331569.0,48.11
ITC,EQ,2021-12-22,212.5,214.0,214.2,211.1,212.3,212.0,212.19,17239484,3658045491.2,129572,9878074.0,57.3
ITC,EQ,2021-12-23,212.0,213.9,218.45,213.2,217.4,217.3,216.7,22209720,4812739299.25,156292,9679762.0,43.58
ITC,EQ,2021-12-24,217.3,218.0,220.45,216.45,218.0,218.0,218.36,16581585,3620777495.85,103848,5723522.0,34.52
ITC,EQ,2021-12-27,218.0,218.4,218.45,215.65,217.7,217.55,217.19,8153106,1770771469.2,77113,3553195.0,43.58
ITC,EQ,2021-12-28,217.55,218.0,220.6,218.0,219.8,220.05,219.63,11568803,2540815063.7,86204,6279219.0,54.28
ITC,EQ,2021-12-29,220.05,220.0,220.3,216.3,216.6,216.75,217.75,11480954,2499942364.85,100463,6633405.0,57.78
ITC,EQ,2021-12-30,216.75,216.6,217.9,215.5,216.45,216.0,216.49,9741198,2108832633.3,81763,4763815.0,48.9
ITC,EQ,2021-12-31,216.0,216.9,218.8,216.15,218.0,218.05,217.96,7583815,1652997405.7,73078,3466540.0,45.71
ITC,EQ,2022-01-03,218.05,218.05,219.85,217.05,219.1,219.1,218.68,7765495,1698139584.7,90982,3536174.0,45.54
ITC,EQ,2022-01-04,219.1,219.5,221.7,219.05,219.8,220.25,220.23,9050253,1993142527.45,74888,4546218.0,50.23
ITC,EQ,2022-01-05,220.25,219.65,221.5,218.65,220.35,220.55,220.27,11230588,2473772707.75,87423,4987928.0,44.41
ITC,EQ,2022-01-06,220.55,219.0,220.4,218.2,218.75,218.7,218.75,8950589,1957945139.5,81908,4520748.0,50.51
ITC,EQ,2022-01-07,218.7,219.8,220.65,217.5,218.45,218.4,218.9,8855041,1938371109.05,81330,4486192.0,50.66
ITC,EQ,2022-01-10,218.4,219.9,224.7,218.9,223.3,223.3,222.88,15841299,3530680132.3,121707,6645530.0,41.95
ITC,EQ,2022-01-11,223.3,223.35,224.25,221.2,222.0,221.95,222.43,8020695,1784053806.3,97475,4607116.0,57.44
ITC,EQ,2022-01-12,221.95,222.5,223.65,221.6,222.5,222.75,222.71,13158894,2930673797.65,89408,8382352.0,63.7
ITC,EQ,2022-01-13,222.75,223.9,225.8,222.75,223.9,223.95,223.92,11501088,2575330046.95,128264,5351318.0,46.53
ITC,EQ,2022-01-14,223.95,223.95,224.8,222.3,222.9,222.6,223.49,10569725,2362226365.7,84726,6078505.0,57.51
ITC,EQ,2022-01-17,222.6,222.6,225.6,221.35,224.75,224.6,223.95,12318313,2758723099.9,86056,6318200.0,51.29
ITC,EQ,2022-01-18,224.6,224.6,227.3,220.3,220.6,220.75,223.59,14394097,3218353734.2,119118,6290866.0,43.7
ITC,EQ,2022-01-19,220.75,220.75,222.4,218.7,220.4,220.35,220.28,11473796,2527397220.15,87833,5730573.0,49.94
ITC,EQ,2022-01-20,220.35,220.55,222.15,218.0,219.1,218.75,219.95,17329896,3811709635.1,131195,10992084.0,63.43
ITC,EQ,2022-01-21,218.75,218.5,220.5,216.0,217.3,217.05,218.4,16586264,3622521932.0,127609,8458251.0,51.0
ITC,EQ,2022-01-24,217.05,217.05,217.75,210.9,211.65,211.8,213.4,17354942,3703479243.95,169142,8397788.0,48.39
ITC,EQ,2022-01-25,211.8,212.0,214.7,209.55,214.05,214.3,212.33,18322935,3890440496.35,172743,9607140.0,52.43
ITC,EQ,2022-01-27,214.3,211.25,215.5,211.1,215.35,214.6,213.17,23149684,4934770161.85,200471,14292200.0,61.74
ITC,EQ,2022-01-28,214.6,215.1,219.25,215.1,217.5,217.6,218.12,15276991,3332279922.9,113395,7820587.0,51.19
ITC,EQ,2022-01-31,217.6,218.5,220.75,217.1,220.0,220.2,218.95,15039006,3292849824.5,147611,8322228.0,55.34
ITC,EQ,2022-02-01,220.2,221.0,228.8,219.15,227.9,227.75,224.71,43207074,9708929182.05,253512,16823834.0,38.94
ITC,EQ,2022-02-02,227.75,230.0,233.3,229.0,231.85,232.15,231.53,41130638,9522821342.6,258107,18431221.0,44.81
ITC,EQ,2022-02-03,232.15,232.15,235.2,231.8,233.5,234.45,233.64,27845963,6505914462.25,192214,11700940.0,42.02
ITC,EQ,2022-02-04,234.45,237.25,238.5,231.55,233.6,234.3,235.16,56705951,13335086752.1,326999,24798688.0,43.73
ITC,EQ,2022-02-07,234.3,234.0,234.75,228.5,230.35,230.2,230.77,24171083,5577857176.45,140323,12817471.0,53.03
ITC,EQ,2022-02-08,230.2,230.3,232.3,229.05,230.95,231.25,230.62,16201280,3736325332.95,117574,8911274.0,55.0
ITC,EQ,2022-02-09,231.25,232.3,233.0,228.75,230.15,230.15,230.53,11893807,2741856641.6,96037,5358292.0,45.05
ITC,EQ,2022-02-10,230.15,228.7,233.4,227.75,231.5,232.25,230.53,19563580,4509898491.2,128409,11230132.0,57.4
ITC,EQ,2022-02-11,232.25,232.0,233.3,229.8,231.85,232.45,231.65,18096561,4192137196.4,103557,11334540.0,62.63
ITC,EQ,2022-02-14,232.45,226.0,226.0,218.5,219.0,219.45,222.27,22745228,5055534116.75,195500,11513573.0,50.62
ITC,EQ,2022-02-15,219.45,221.0,223.5,218.55,223.1,223.0,220.98,12875311,2845201681.6,120496,5142512.0,39.94
ITC,EQ,2022-02-16,223.0,223.8,224.7,221.85,222.4,222.75,223.37,11231596,2508790711.15,79949,4791549.0,42.66
ITC,EQ,2022-02-17,222.75,223.05,224.35,220.85,222.7,222.65,222.4,14024149,3118965024.75,67573,7234578.0,51.59
ITC,EQ,2022-02-18,222.65,222.65,223.45,221.5,221.75,221.9,222.4,8670947,1928386501.95,59314,4721478.0,54.45
ITC,EQ,2022-02-21,221.9,220.3,221.3,217.15,218.1,218.0,219.7,16129017,3543547701.95,97652,8814338.0,54.65
ITC,EQ,2022-02-22,218.0,215.0,216.9,213.0,214.65,214.85,214.65,25749340,5527205710.85,122029,17219519.0,66.87
ITC,EQ,2022-02-23,214.85,216.8,217.5,215.05,215.75,215.95,216.53,11014283,2384973404.8,100185,5562794.0,50.51
ITC,EQ,2022-02-24,215.95,210.0,213.3,207.0,209.35,208.5,210.39,41341523,8697718255.9,223227,24141167.0,58.39
ITC,EQ,2022-02-25,208.5,211.5,216.5,210.55,214.15,213.95,214.29,23633656,5064443403.5,140701,13227204.0,55.97
ITC,EQ,2022-02-28,213.95,213.2,216.45,210.8,215.9,215.85,214.43,20034633,4295962961.15,117869,11095663.0,55.38
ITC,EQ,2022-03-02,215.85,214.4,216.6,212.45,215.4,215.3,214.93,19295994,4147196308.9,129126,12215829.0,63.31
ITC,EQ,2022-03-03,215.3,216.05,220.2,216.0,219.35,219.4,218.52,28532668,6235043682.65,122600,18281302.0,64.07
ITC,EQ,2022-03-04,219.4,217.7,227.4,217.0,225.0,225.5,222.66,66835736,14881564312.1,284871,40825247.0,61.08
ITC,EQ,2022-03-07,225.5,222.0,227.0,220.1,225.95,224.95,223.87,45258669,10131981893.3,226272,26504909.0,58.56
ITC,EQ,2022-03-08,224.95,223.9,228.45,223.75,226.8,226.9,226.27,36036336,8154008012.3,198973,23514703.0,65.25
ITC,EQ,2022-03-09,226.9,227.7,231.4,226.1,229.0,229.25,228.8,42294906,9677136454.8,168447,29264232.0,69.19
ITC,EQ,2022-03-10,229.25,231.0,232.5,227.85,231.45,232.0,230.14,36132245,8315364499.35,162038,22399679.0,61.99
ITC,EQ,2022-03-11,232.0,231.9,237.1,230.15,234.95,236.35,234.51,41699184,9778867194.45,194153,27730894.0,66.5
ITC,EQ,2022-03-14,236.35,236.25,239.45,235.3,239.0,239.0,237.88,35113638,8352803841.25,153586,22869875.0,65.13
ITC,EQ,2022-03-15,239.0,239.0,241.4,235.9,238.2,237.85,238.48,32998305,7869470291.25,159184,20863422.0,63.23
ITC,EQ,2022-03-16,237.85,240.0,243.0,239.1,242.4,242.6,240.65,21629521,5205102085.5,132633,13145841.0,60.78
ITC,EQ,2022-03-17,242.6,245.25,245.4,242.7,244.55,244.9,244.3,34223740,8360956981.3,158119,22185292.0,64.82
ITC,EQ,2022-03-21,244.9,245.9,247.75,243.8,244.5,244.5,245.28,27975134,6861601746.0,149077,16934475.0,60.53
ITC,EQ,2022-03-22,244.5,244.55,250.75,243.55,249.95,249.75,247.49,36945426,9143578093.7,176133,21253371.0,57.53
ITC,EQ,2022-03-23,249.75,251.45,253.7,248.5,251.9,252.0,251.88,40491633,10199201336.5,239738,23950896.0,59.15
ITC,EQ,2022-03-24,252.0,251.95,256.5,251.45,254.75,254.85,254.29,38239419,9723876526.05,187564,20850112.0,54.53
ITC,EQ,2022-03-25,254.85,255.3,255.75,249.25,252.7,253.35,252.48,29284643,7393703767.1,131798,17268364.0,58.97
ITC,EQ,2022-03-28,253.35,254.0,258.0,252.55,256.2,257.05,255.73,24916402,6371890062.65,156533,13738059.0,55.14
ITC,EQ,2022-03-29,257.05,257.05,257.5,253.75,254.3,254.6,255.06,18122714,4622454136.4,114137,10020467.0,55.29
ITC,EQ,2022-03-30,254.6,255.1,256.4,248.65,249.05,249.2,251.58,17603827,4428750077.05,125981,9256409.0,52.58
ITC,EQ,2022-03-31,249.2,249.6,254.35,249.5,250.7,250.65,251.19,25656796,6444678254.65,131890,16752131.0,65.29
ITC,EQ,2022-04-01,250.65,250.0,255.35,248.8,255.05,253.3,251.32,14305709,3595279350.8,114531,7210970.0,50.41
ITC,EQ,2022-04-04,253.3,253.1,257.9,251.1,255.75,255.45,254.24,15907398,4044245819.55,109421,7883260.0,49.56
ITC,EQ,2022-04-05,255.45,256.05,261.85,255.1,259.0,259.45,258.9,27183142,7037729121.8,178177,12451681.0,45.81
ITC,EQ,2022-04-06,259.45,257.5,263.35,257.3,260.0,259.6,260.2,19597941,5099320485.4,155736,8355630.0,42.64
ITC,EQ,2022-04-07,259.6,258.0,262.2,255.8,256.7,256.65,258.62,16061089,4153641422.65,126604,8700729.0,54.17
ITC,EQ,2022-04-08,256.65,258.0,268.85,256.0,268.75,267.8,263.51,37826800,9967802073.85,232170,15268435.0,40.36
ITC,EQ,2022-04-11,267.8,268.75,273.15,266.0,267.1,267.5,269.3,46147653,12427333078.4,269185,17956565.0,38.91
ITC,EQ,2022-04-12,267.5,266.9,268.65,263.1,264.6,264.8,265.72,23553762,6258603719.05,150370,10509218.0,44.62
ITC,EQ,2022-04-13,264.8,265.3,270.6,263.65,269.1,269.55,267.07,21414383,5719183511.3,144139,8889619.0,41.51
ITC,EQ,2022-04-18,269.55,268.0,272.5,267.25,270.35,270.1,269.67,24399444,6579899979.95,189235,11607148.0,47.57
ITC,EQ,2022-04-19,270.1,272.0,272.5,258.8,259.25,261.55,267.74,23380138,6259809070.0,201593,11502363.0,49.2
ITC,EQ,2022-04-20,261.55,262.9,265.45,257.55,259.8,259.55,260.75,24510612,6391161210.15,205236,11056033.0,45.11
ITC,EQ,2022-04-21,259.55,259.7,264.45,259.6,260.25,260.4,261.61,23412279,6124998845.1,163869,13185005.0,56.32
ITC,EQ,2022-04-22,260.4,260.0,263.0,258.55,261.1,261.1,260.66,15671273,4084852407.35,108602,7105965.0,45.34
ITC,EQ,2022-04-25,261.1,258.8,259.0,252.5,255.5,255.25,255.29,24208645,6180301910.15,173578,13167724.0,54.39
ITC,EQ,2022-04-26,255.25,256.6,260.7,256.25,258.85,258.95,258.6,20536714,5310890958.05,110569,10774226.0,52.46
ITC,EQ,2022-04-27,258.95,256.2,258.5,255.75,257.2,257.5,257.23,16580824,4265039505.35,91550,10420875.0,62.85
ITC,EQ,2022-04-28,257.5,259.5,263.7,258.15,261.95,261.1,260.79,27924384,7282457331.65,131008,18675695.0,66.88
ITC,EQ,2022-04-29,261.1,263.0,263.0,258.5,259.5,259.55,260.72,20419904,5323940771.65,110925,13489071.0,66.06
ITC,EQ,2022-05-02,259.55,258.0,264.5,257.05,263.8,263.15,261.53,18965820,4960080326.25,158584,11565438.0,60.98
ITC,EQ,2022-05-04,263.15,264.0,266.05,258.6,260.3,259.75,263.04,25951999,6826483599.3,168036,16974299.0,65.41
ITC,EQ,2022-05-05,259.75,262.0,265.2,260.4,262.0,262.05,263.04,17932895,4716986717.45,115437,11443309.0,63.81
ITC,EQ,2022-05-06,262.05,259.0,267.35,258.9,265.65,266.65,264.96,34490123,9138351915.1,251642,19075746.0,55.31
ITC,EQ,2022-05-09,266.65,266.15,266.15,260.55,263.15,262.95,263.34,21403710,5636380537.55,203003,13686206.0,63.94
ITC,EQ,2022-05-10,262.95,262.0,266.8,259.1,259.5,259.75,263.62,18033260,4753854527.8,188902,10492376.0,58.18
ITC,EQ,2022-05-11,259.75,259.0,262.2,251.75,255.6,255.65,255.9,17344099,4438387755.55,178923,8319833.0,47.97
ITC,EQ,2022-05-12,255.65,255.0,256.4,249.15,253.45,252.9,251.92,20044726,5049629669.45,263981,10795115.0,53.86
ITC,EQ,2022-05-13,252.9,254.95,260.85,254.5,258.0,258.6,258.72,11921627,3084376919.65,129880,5186121.0,43.5
ITC,EQ,2022-05-16,258.6,259.95,259.95,253.0,254.35,254.1,255.88,8186859,2094840150.95,102967,3119403.0,38.1
ITC,EQ,2022-05-17,254.1,255.0,265.5,254.8,265.0,264.7,262.07,17797974,4664231329.7,164262,8774622.0,49.3
ITC,EQ,2022-05-18,264.7,266.0,267.8,263.15,266.5,266.8,265.52,20200332,5363514789.1,150501,9390440.0,46.49
ITC,EQ,2022-05-19,266.8,262.6,279.25,262.6,275.75,275.65,274.44,78287713,21485009548.7,455087,29590197.0,37.8
ITC,EQ,2022-05-20,275.65,277.0,282.35,277.0,280.05,280.0,280.22,32370771,9071060236.55,217504,12223329.0,37.76
ITC,EQ,2022-05-23,280.0,280.0,280.45,273.05,273.6,274.5,275.05,21700165,5968639519.0,158072,11015168.0,50.76
ITC,EQ,2022-05-24,274.5,275.0,275.0,270.0,271.0,270.85,272.23,15547968,4232697120.15,110237,9518649.0,61.22
ITC,EQ,2022-05-25,270.85,272.95,273.9,270.5,272.55,272.7,272.08,15288648,4159726894.1,105968,8654765.0,56.61
ITC,EQ,2022-05-26,272.7,268.25,268.25,263.85,266.9,266.7,265.96,18420159,4898982829.2,137230,8540395.0,46.36
ITC,EQ,2022-05-27,266.7,269.0,270.7,265.05,269.25,269.2,268.11,13468067,3610874147.45,92366,6485952.0,48.16
ITC,EQ,2022-05-30,269.2,270.5,271.0,267.6,269.0,269.05,268.88,11819102,3177896815.45,106135,6178050.0,52.27
ITC,EQ,2022-05-31,269.05,269.05,274.5,266.4,271.2,270.65,270.75,23208345,6283589853.8,98915,12973848.0,55.9
ITC,EQ,2022-06-01,270.65,270.65,274.1,270.2,271.5,271.85,272.2,14699792,4001349285.45,100701,7919917.0,53.88
ITC,EQ,2022-06-02,271.85,270.7,274.45,267.85,273.0,273.5,271.97,14240994,3873176816.4,114544,7195640.0,50.53
ITC,EQ,2022-06-03,273.5,275.0,275.7,271.6,272.4,272.7,273.54,12487862,3415937894.3,97837,5740186.0,45.97
ITC,EQ,2022-06-06,272.7,272.4,275.8,269.7,274.45,274.8,273.53,10925182,2988401867.65,87814,5476224.0,50.12
ITC,EQ,2022-06-07,274.8,273.2,275.0,272.25,273.95,273.9,273.48,10828539,2961368319.0,98015,5911338.0,54.59
ITC,EQ,2022-06-08,273.9,273.95,274.4,266.2,267.8,267.9,270.49,14361969,3884759582.5,192981,6861112.0,47.77
ITC,EQ,2022-06-09,267.9,267.8,271.7,265.75,270.9,270.85,269.79,9860194,2660189374.1,91711,4320595.0,43.82
ITC,EQ,2022-06-10,270.85,269.05,271.0,268.75,269.95,270.15,269.93,8371061,2259589047.3,79572,4166101.0,49.77
ITC,EQ,2022-06-13,270.15,266.4,269.1,263.0,264.55,264.65,265.76,11092690,2947945155.7,136517,6358342.0,57.32
ITC,EQ,2022-06-14,264.65,263.2,267.45,263.05,266.0,265.45,265.65,7422193,1971719471.55,83473,3444477.0,46.41
ITC,EQ,2022-06-15,265.45,266.0,267.3,263.05,263.5,263.4,265.1,5059474,1341282973.8,81484,2434719.0,48.12
ITC,EQ,2022-06-16,263.4,267.0,267.9,259.5,260.4,260.7,262.44,14293357,3751183386.45,142462,6579061.0,46.03
ITC,EQ,2022-06-17,260.7,259.0,264.15,258.55,263.5,263.3,262.62,16654660,4373861998.5,132372,9223765.0,55.38
ITC,EQ,2022-06-20,263.3,263.3,266.15,261.35,263.9,264.1,263.83,17081136,4506543174.05,123394,9745371.0,57.05
ITC,EQ,2022-06-21,264.1,265.0,270.85,264.1,269.6,269.9,268.13,13883034,3722409701.95,94264,7272385.0,52.38
ITC,EQ,2022-06-22,269.9,267.0,270.3,264.9,265.0,265.3,267.36,11320918,3026724468.8,115525,6826422.0,60.3
ITC,EQ,2022-06-23,265.3,265.5,267.25,262.4,266.35,265.5,265.08,9067252,2403553323.1,85999,4572285.0,50.43
ITC,EQ,2022-06-24,265.5,266.1,268.35,265.2,266.0,265.85,266.37,7013132,1868087815.25,72489,3671371.0,52.35
ITC,EQ,2022-06-27,265.85,267.0,270.65,266.5,270.0,269.95,269.13,8172964,2199600655.65,81295,3892415.0,47.63
ITC,EQ,2022-06-28,269.95,268.9,272.25,268.55,271.7,271.85,271.1,11240154,3047199164.45,89068,5960912.0,53.03
ITC,EQ,2022-06-29,271.85,269.25,275.0,269.15,273.35,274.05,272.44,16018449,4364024741.55,100735,10550310.0,65.86
ITC,EQ,2022-06-30,274.05,273.95,274.7,272.0,272.15,273.5,273.5,19262054,5268093766.95,111474,11786493.0,61.19
ITC,EQ,2022-07-01,273.5,273.5,285.0,271.2,284.75,284.35,279.9,35165665,9842843332.25,217262,17917722.0,50.95
ITC,EQ,2022-07-04,284.35,285.65,293.3,284.8,291.5,291.9,290.16,39881736,11571994521.7,236760,20299183.0,50.9
ITC,EQ,2022-07-05,291.9,293.0,293.0,285.75,286.75,286.9,288.48,18568655,5356766750.75,148323,7284718.0,39.23
ITC,EQ,2022-07-06,286.9,286.1,290.0,285.3,289.3,289.3,287.8,18292925,5264761919.15,127639,8377711.0,45.8
ITC,EQ,2022-07-07,289.3,291.0,293.15,288.5,291.8,291.95,291.24,13794991,4017654188.9,92213,6750916.0,48.94
ITC,EQ,2022-07-08,291.95,292.9,294.45,290.4,293.05,293.05,292.71,11110418,3252113136.2,108058,5246205.0,47.22
ITC,EQ,2022-07-11,293.05,293.0,296.95,292.05,294.8,295.0,295.09,12352667,3645114496.55,136091,6181000.0,50.04
ITC,EQ,2022-07-12,295.0,293.0,295.35,290.9,292.4,292.7,292.88,14074628,4122188825.7,79822,9420812.0,66.93
ITC,EQ,2022-07-13,292.7,293.0,294.8,292.7,294.0,294.05,293.83,9277570,2726007442.4,91827,5213900.0,56.2
ITC,EQ,2022-07-14,294.05,294.3,296.35,289.15,290.4,290.85,292.96,13414357,3929881063.25,131615,6415335.0,47.82
ITC,EQ,2022-07-15,290.85,292.0,294.0,289.5,293.8,293.55,291.84,11025420,3217689790.7,92230,5661601.0,51.35
ITC,EQ,2022-07-18,293.55,295.0,296.3,293.75,295.45,295.3,295.33,11315876,3341888353.25,97564,7068170.0,62.46
ITC,EQ,2022-07-19,295.3,295.0,295.6,292.7,294.45,294.6,293.95,9188419,2700951098.85,66167,5820317.0,63.34
ITC,EQ,2022-07-20,294.6,294.9,299.5,293.6,297.8,298.2,297.46,15789281,4696731729.9,129589,7952774.0,50.37
ITC,EQ,2022-07-21,298.2,299.0,302.2,298.0,299.45,299.55,299.79,16042840,4809415085.55,148528,5579785.0,34.78
ITC,EQ,2022-07-22,299.55,300.0,302.5,298.1,299.9,300.55,300.21,9967545,2992317208.7,132970,4578287.0,45.93
ITC,BL,2022-07-25,235.35,300.55,300.55,300.55,300.55,300.55,300.55,4855820,1459416701.0,1,,
ITC,EQ,2022-07-25,300.55,299.0,302.95,298.8,300.95,301.1,301.27,10640727,3205780240.75,122416,4967446.0,46.68
ITC,EQ,2022-07-26,301.1,301.0,303.75,300.45,302.1,302.45,302.28,9739177,2943921157.9,132601,5366777.0,55.11
ITC,EQ,2022-07-27,302.45,302.85,305.0,300.6,304.2,304.15,303.24,9346146,2834122482.65,90102,4783102.0,51.18
ITC,EQ,2022-07-28,304.15,304.9,305.2,302.4,303.25,303.45,303.73,10839070,3292179152.25,116206,6054561.0,55.86
ITC,EQ,2022-07-29,303.45,305.0,305.9,301.35,303.9,303.05,302.76,16932743,5126590092.0,118230,11436379.0,67.54
ITC,EQ,2022-08-01,303.05,304.0,308.8,303.1,307.8,307.5,306.64,15889556,4872330248.2,139428,7752348.0,48.79
ITC,EQ,2022-08-02,307.5,310.0,316.65,308.2,309.3,309.95,311.5,38982557,12142957304.5,261354,11405096.0,29.26
ITC,EQ,2022-08-03,309.95,310.9,310.9,303.65,308.0,308.15,306.76,17695228,5428122427.15,155797,9242801.0,52.23
ITC,EQ,2022-08-04,308.15,308.0,310.35,307.15,309.4,309.5,309.29,15901918,4918240461.65,133992,9863137.0,62.02
ITC,EQ,2022-08-05,309.5,309.5,311.8,309.1,311.1,310.85,310.81,10088723,3135641713.9,88921,6984036.0,69.23
ITC,BL,2022-08-08,300.55,310.85,310.85,310.85,310.85,310.85,310.85,4855822,1509432268.7,1,,
ITC,EQ,2022-08-08,310.85,310.95,313.95,310.05,313.0,313.15,312.65,8307140,2597244021.15,107521,4956847.0,59.67
ITC,EQ,2022-08-10,313.15,313.15,314.1,310.75,311.3,311.2,312.25,8923568,2786357032.75,134530,5772838.0,64.69
ITC,EQ,2022-08-11,311.2,313.0,313.45,305.3,305.75,306.25,308.12,10885990,3354140392.35,149032,5988979.0,55.02
ITC,EQ,2022-08-12,306.25,306.25,309.4,304.5,308.05,308.55,307.8,6422504,1976829183.3,90838,2906529.0,45.26
ITC,EQ,2022-08-16,308.55,308.55,311.5,308.55,310.6,310.55,310.53,8609864,2673656850.85,119342,5536486.0,64.3
ITC,EQ,2022-08-17,310.55,311.7,313.25,311.0,312.5,312.55,312.37,7975854,2491424845.85,114115,5190949.0,65.08
ITC,EQ,2022-08-18,312.55,313.0,316.0,312.6,315.35,315.65,314.97,9883851,3113156971.35,118060,5609504.0,56.75
ITC,EQ,2022-08-19,315.65,316.15,316.15,311.2,311.9,312.0,313.46,10422413,3266995923.9,111105,5988405.0,57.46
ITC,EQ,2022-08-22,312.0,311.2,317.0,311.0,313.85,314.4,315.08,11355837,3577976869.25,139216,5081094.0,44.74
ITC,EQ,2022-08-23,314.4,312.95,316.0,312.1,315.95,315.9,314.97,9338887,2941482817.65,107866,5220254.0,55.9
ITC,EQ,2022-08-24,315.9,315.75,319.45,313.05,313.9,314.1,316.13,11346892,3587093978.2,139184,5582174.0,49.2
ITC,EQ,2022-08-25,314.1,315.45,316.4,311.6,312.7,312.35,314.39,7759104,2439353578.3,98542,4220828.0,54.4
ITC,EQ,2022-08-26,312.35,314.75,315.4,312.0,313.35,312.9,313.52,6956588,2181018083.4,155321,3979145.0,57.2
ITC,EQ,2022-08-29,312.9,310.0,314.95,308.85,313.85,313.55,312.03,11361400,3545119890.1,144239,5948940.0,52.36
ITC,EQ,2022-08-30,313.55,314.25,321.4,314.25,320.7,320.5,318.82,17829428,5684375336.4,136127,11915072.0,66.83
ITC,EQ,2022-09-01,320.5,319.5,321.9,316.0,317.9,317.6,318.07,13254985,4216026193.7,164540,8499175.0,64.12
ITC,EQ,2022-09-02,317.6,318.7,324.25,318.05,323.35,323.15,321.12,25758860,8271660686.1,177786,12939298.0,50.23
ITC,EQ,2022-09-05,323.15,325.0,329.6,323.75,328.75,328.85,327.03,17471906,5713829812.8,169972,9620474.0,55.06
ITC,EQ,2022-09-06,328.85,330.0,330.0,326.4,326.9,327.15,328.05,11970750,3927000892.0,132143,8040258.0,67.17
ITC,EQ,2022-09-07,327.15,326.0,328.3,325.25,326.0,326.1,326.74,8085824,2641983438.9,101541,4431170.0,54.8
ITC,EQ,2022-09-08,326.1,329.0,330.6,327.5,330.0,329.9,329.55,10911130,3595754293.4,103688,6915530.0,63.38
ITC,EQ,2022-09-09,329.9,330.6,333.3,330.0,330.15,330.5,331.56,9408098,3119312581.7,133330,5817787.0,61.84
ITC,EQ,2022-09-12,330.5,332.0,332.4,330.0,330.9,330.9,330.85,8712689,2882571011.05,92310,5980215.0,68.64
ITC,EQ,2022-09-13,330.9,331.7,335.0,330.6,333.75,334.4,333.42,10520207,3507614417.55,141649,6159133.0,58.55
ITC,EQ,2022-09-14,334.4,331.0,339.0,330.95,335.75,335.35,336.46,12267025,4127405942.3,128808,6403515.0,52.2
ITC,EQ,2022-09-15,335.35,336.4,337.05,332.9,333.6,334.1,334.73,8418672,2818017592.05,111903,5055084.0,60.05
ITC,EQ,2022-09-16,334.1,332.35,334.6,329.7,331.5,331.3,331.53,12492851,4141776658.55,107543,8883109.0,71.11
ITC,EQ,2022-09-19,331.3,329.1,336.9,329.1,335.6,335.6,334.29,14365461,4802297577.2,117354,9948423.0,69.25
ITC,EQ,2022-09-20,335.6,338.75,339.6,335.0,335.25,336.0,337.51,9526068,3215133989.75,93112,5807352.0,60.96
ITC,EQ,2022-09-21,336.0,336.0,345.2,335.5,340.6,340.95,340.58,20992080,7149565838.7,161744,11514472.0,54.85
ITC,EQ,2022-09-22,340.95,341.0,348.75,340.9,345.75,345.05,345.83,24179987,8362263404.9,204326,12531726.0,51.83
ITC,EQ,2022-09-23,345.05,347.5,349.55,343.3,347.0,346.4,346.63,22838807,7916609370.8,173655,14348402.0,62.82
ITC,EQ,2022-09-26,346.4,344.85,345.95,331.75,332.5,332.6,337.58,16205789,5470794971.1,221652,7435093.0,45.88
ITC,EQ,2022-09-27,332.6,335.0,339.55,334.0,335.55,334.85,336.38,9991052,3360744442.3,134083,4708346.0,47.13
ITC,EQ,2022-09-28,334.85,331.95,333.3,324.3,324.5,324.95,328.07,15552911,5102409611.45,201684,8842101.0,56.85
ITC,EQ,2022-09-29,324.95,329.0,334.9,327.75,334.35,333.05,332.71,18281337,6082448649.0,175901,9484291.0,51.88
ITC,EQ,2022-09-30,333.05,333.05,335.75,330.15,332.2,332.2,332.94,12427919,4137766672.75,145664,7235622.0,58.22
ITC,EQ,2022-10-03,332.2,332.9,333.0,323.25,324.9,324.4,327.3,9111289,2982119369.9,143508,4039931.0,44.34
ITC,BL,2022-10-03,310.85,332.2,332.2,332.2,332.2,332.2,332.2,3808527,1265192669.4,1,,
ITC,EQ,2022-10-04,324.4,328.7,334.0,328.0,333.1,332.85,331.45,8803255,2917827879.4,121561,5156257.0,58.57
ITC,EQ,2022-10-06,332.85,335.0,339.3,332.55,335.9,336.65,335.98,22235092,7470586426.75,155672,16811239.0,75.61
ITC,EQ,2022-10-07,336.65,336.8,336.85,331.3,334.45,334.1,333.79,10506078,3506819673.7,115865,7085146.0,67.44
ITC,EQ,2022-10-10,334.1,330.0,331.45,326.05,328.15,327.85,328.18,9388996,3081254840.5,134866,5490519.0,58.48
ITC,BL,2022-10-11,332.2,327.85,327.85,327.85,327.85,327.85,327.85,3806279,1247888570.15,1,,
ITC,EQ,2022-10-11,327.85,329.0,330.45,325.1,325.9,326.3,328.01,10609956,3480158340.95,141982,6828001.0,64.35
ITC,EQ,2022-10-12,326.3,327.95,331.45,324.75,330.0,330.1,328.41,10337544,3394961390.95,141735,5813744.0,56.24
ITC,EQ,2022-10-13,330.1,329.95,331.3,328.0,328.85,328.65,329.33,7266724,2393148173.0,88889,4110062.0,56.56
ITC,EQ,2022-10-14,328.65,332.3,333.9,330.85,332.1,332.1,332.38,6424915,2135542923.6,95294,3693743.0,57.49
ITC,EQ,2022-10-17,332.1,331.1,334.75,329.6,332.55,332.25,332.91,6929063,2306765038.55,100913,3745304.0,54.05
ITC,EQ,2022-10-18,332.25,333.95,341.0,333.55,340.85,340.3,338.93,20887417,7079464204.3,116946,15003669.0,71.83
ITC,EQ,2022-10-19,340.3,343.1,347.45,339.8,347.2,346.35,344.88,16296080,5620213086.55,147366,6886786.0,42.26
ITC,EQ,2022-10-20,346.35,347.0,350.95,344.8,350.6,349.7,348.06,18474706,6430266358.55,169065,6938071.0,37.55
ITC,EQ,2022-10-21,349.7,353.2,353.2,344.5,344.85,345.6,348.85,27372160,9548793891.0,192007,10905629.0,39.84
ITC,EQ,2022-10-24,345.6,348.95,349.7,347.0,347.65,347.7,348.43,3170564,1104707572.35,72949,1683624.0,53.1
ITC,BL,2022-10-25,327.85,347.7,347.7,347.7,347.7,347.7,347.7,2476950,861235515.0,1,,
ITC,EQ,2022-10-25,347.7,349.45,349.5,343.65,346.1,346.3,345.93,17242211,5964613498.25,128574,12018710.0,69.71
ITC,EQ,2022-10-27,346.3,346.65,348.35,343.85,346.7,345.8,345.23,18558597,6407002652.7,102198,13732749.0,74.0
ITC,EQ,2022-10-28,345.8,347.55,348.6,345.1,346.0,345.8,346.74,13069167,4531558049.5,88108,9445679.0,72.27
ITC,EQ,2022-10-31,345.8,348.0,350.5,344.75,348.95,348.7,347.71,13825970,4807406386.2,124587,8932772.0,64.61
ITC,EQ,2022-11-01,348.7,349.25,350.5,347.2,349.5,349.5,349.26,19665200,6868253070.1,116701,15119548.0,76.88
ITC,EQ,2022-11-02,349.5,348.5,356.25,348.5,354.0,354.65,353.78,16781507,5936966418.05,166834,8917189.0,53.14
ITC,EQ,2022-11-03,354.65,354.0,358.5,353.0,354.15,353.7,355.69,10736155,3818715208.15,115351,5509745.0,51.32
ITC,BL,2022-11-03,347.7,354.65,354.65,354.65,354.65,354.65,354.65,4603984,1632802925.6,1,,
ITC,EQ,2022-11-04,353.7,354.0,356.0,352.5,353.25,353.6,354.26,8386849,2971089240.85,112058,5462197.0,65.13
ITC,EQ,2022-11-07,353.6,355.0,356.35,350.0,353.7,353.5,352.72,10050303,3544947876.45,120586,5771581.0,57.43
ITC,EQ,2022-11-09,353.5,353.5,361.45,353.2,360.7,360.7,358.51,20611075,7389191472.1,176013,14229344.0,69.04
ITC,EQ,2022-11-10,360.7,359.0,359.9,354.1,356.0,356.0,356.14,19327625,6883310233.0,149772,13597143.0,70.35
ITC,EQ,2022-11-11,356.0,360.0,360.95,354.65,358.0,356.35,356.41,10950902,3903029914.9,119454,7024510.0,64.15
ITC,BL,2022-11-14,354.65,356.35,356.35,356.35,356.35,356.35,356.35,4603983,1640629342.05,1,,
ITC,EQ,2022-11-14,356.35,356.35,356.95,346.6,347.45,347.2,350.27,17639889,6178677577.15,167736,12350540.0,70.01
ITC,EQ,2022-11-15,347.2,348.95,348.95,339.15,345.5,345.25,342.39,15451411,5290386411.8,151100,8747485.0,56.61
ITC,EQ,2022-11-16,345.25,345.7,346.85,341.65,344.5,344.1,343.92,7604924,2615447741.25,116105,4475550.0,58.85
ITC,EQ,2022-11-17,344.1,344.1,347.45,342.6,343.8,343.7,344.84,9994270,3446380758.15,118071,6489926.0,64.94
ITC,EQ,2022-11-18,343.7,343.7,344.75,339.8,341.0,341.05,341.37,7838297,2675758287.5,93616,5012624.0,63.95
ITC,EQ,2022-11-21,341.05,339.1,340.0,334.4,337.2,337.2,336.63,9198816,3096600795.05,123378,5835783.0,63.44
ITC,EQ,2022-11-22,337.2,337.0,341.0,335.7,340.0,340.25,339.35,6495845,2204337080.7,97824,4262632.0,65.62
ITC,EQ,2022-11-23,340.25,342.0,342.0,337.5,339.2,339.8,339.65,7768291,2638475966.95,122455,4818004.0,62.02
ITC,EQ,2022-11-24,339.8,339.8,342.5,337.55,341.1,340.75,340.21,8140857,2769597449.75,116223,4775093.0,58.66
ITC,EQ,2022-11-25,340.75,341.0,341.9,337.8,340.3,340.3,339.56,6933254,2354253778.15,102045,3459795.0,49.9
ITC,EQ,2022-11-28,340.3,340.0,341.75,338.75,339.95,340.05,340.43,9902739,3371223380.25,103017,7507263.0,75.81
ITC,EQ,2022-11-29,340.05,340.0,345.0,340.0,342.45,342.3,342.94,10189855,3494496987.45,115645,5441795.0,53.4
ITC,EQ,2022-11-30,342.3,341.25,344.15,339.0,340.3,340.0,340.54,22556502,7681480498.6,139387,18090068.0,80.2
ITC,EQ,2022-12-01,340.0,341.7,341.7,336.8,339.7,339.55,338.75,16630417,5633556147.25,183326,11975852.0,72.01
ITC,EQ,2022-12-02,339.55,339.35,340.8,336.75,337.5,337.15,337.85,8388835,2834182901.6,104028,5530292.0,65.92
ITC,EQ,2022-12-05,337.15,337.65,338.85,334.15,336.6,336.75,335.88,9716390,3263564731.45,131793,6175352.0,63.56
ITC,EQ,2022-12-06,336.75,334.1,338.2,334.1,337.6,337.3,337.05,6327430,2132640560.4,82974,3533567.0,55.85
ITC,EQ,2022-12-07,337.3,338.5,341.5,336.65,340.0,340.1,339.89,9813208,3335393155.5,117952,6427812.0,65.5
ITC,EQ,2022-12-08,340.1,340.2,342.15,337.5,338.3,338.4,339.3,6200447,2103841069.3,135480,3525932.0,56.87
ITC,EQ,2022-12-09,338.4,339.75,342.5,338.0,342.0,341.4,340.59,8132228,2769725917.65,104951,4947563.0,60.84
ITC,EQ,2022-12-12,341.4,341.0,344.0,340.1,343.25,343.2,342.63,11214662,3842454919.6,147074,6616858.0,59.0
ITC,EQ,2022-12-13,343.2,344.5,346.0,342.4,345.05,345.6,344.45,10693426,3683297885.5,129845,7806777.0,73.01
ITC,EQ,2022-12-14,345.6,346.0,347.35,343.75,345.1,345.4,345.47,7379878,2549557384.5,128069,4571734.0,61.95
ITC,EQ,2022-12-15,345.4,344.75,346.1,338.0,338.7,338.85,341.22,8154931,2782665991.55,112979,5269533.0,64.62
ITC,EQ,2022-12-16,338.85,337.5,338.9,331.3,335.75,335.1,334.49,12429280,4157423586.75,207367,7735044.0,62.23
ITC,EQ,2022-12-19,335.1,336.8,342.35,335.35,340.05,340.5,339.82,7812801,2654927435.7,110172,3531508.0,45.2
ITC,EQ,2022-12-20,340.5,340.05,340.95,336.75,339.9,340.15,338.61,5482218,1856320822.2,80370,3518014.0,64.17
ITC,EQ,2022-12-21,340.15,341.0,341.25,334.5,335.7,335.15,336.78,7045201,2372658454.35,127807,3825405.0,54.3
ITC,EQ,2022-12-22,335.15,335.65,337.4,329.9,332.8,332.45,332.77,6584445,2191082235.3,101460,3738058.0,56.77
ITC,EQ,2022-12-23,332.45,330.9,331.9,325.35,326.05,326.7,327.9,10073884,3303219426.2,187134,6257359.0,62.11
ITC,EQ,2022-12-26,326.7,326.5,335.1,325.5,334.6,334.6,332.83,9566210,3183941256.4,183864,5327695.0,55.69
ITC,EQ,2022-12-27,334.6,335.6,336.4,330.15,333.05,333.15,333.36,6727343,2242627265.3,122372,3562908.0,52.96
ITC,EQ,2022-12-28,333.15,332.85,335.0,331.5,334.35,334.4,332.76,7737562,2574744214.3,114100,4797122.0,62.0
ITC,EQ,2022-12-29,334.4,334.35,335.75,331.55,335.45,335.35,333.6,8105359,2703980878.25,98175,5523031.0,68.14
ITC,EQ,2022-12-30,335.35,335.4,336.75,330.5,331.0,331.55,333.91,6960264,2324123983.35,86886,4701153.0,67.54
ITC,EQ,2023-01-02,331.55,330.9,334.0,329.65,332.8,332.85,332.25,5951893,1977534074.25,139495,3239874.0,54.43
ITC,EQ,2023-01-03,332.85,331.5,333.35,330.25,331.2,331.1,331.36,5997051,1987185279.4,103134,3644861.0,60.78
ITC,EQ,2023-01-04,331.1,331.85,332.5,326.0,326.6,327.0,327.48,6689769,2190748946.45,155935,3830059.0,57.25
ITC,EQ,2023-01-05,327.0,328.65,333.9,328.2,333.6,333.45,332.2,8171437,2714547327.4,134902,4660291.0,57.03
ITC,EQ,2023-01-06,333.45,334.7,337.55,333.1,335.0,335.05,335.48,8284135,2779124776.8,115819,4325749.0,52.22
ITC,EQ,2023-01-09,335.05,336.95,341.3,336.15,337.4,338.05,338.82,10618786,3597812675.95,147547,6671695.0,62.83
ITC,EQ,2023-01-10,338.05,337.9,338.4,332.55,333.7,333.4,333.83,6949605,2319978392.15,95343,4437313.0,63.85
ITC,EQ,2023-01-11,333.4,335.1,335.1,331.3,332.1,331.8,332.82,4584293,1525745889.65,91438,2820911.0,61.53
ITC,EQ,2023-01-12,331.8,333.4,333.6,328.1,329.5,329.85,329.95,6638422,2190337446.1,139430,4298493.0,64.75
ITC,EQ,2023-01-13,329.85,329.85,332.25,326.4,329.1,328.75,329.58,14412671,4750157893.9,120029,10100746.0,70.08
ITC,EQ,2023-01-16,328.75,330.35,332.2,327.55,330.2,330.2,329.11,8253942,2716469420.9,78391,5624245.0,68.14
ITC,EQ,2023-01-17,330.2,330.2,333.5,329.1,332.0,332.25,331.64,13712537,4547671024.5,93294,9988409.0,72.84
ITC,EQ,2023-01-18,332.25,334.0,336.55,332.4,335.1,334.65,334.37,12555527,4198130682.45,147165,8810510.0,70.17
ITC,EQ,2023-01-19,334.65,334.0,335.65,331.65,332.0,332.15,333.21,8346130,2781000519.7,103560,6021233.0,72.14
ITC,EQ,2023-01-20,332.15,332.0,335.2,329.25,334.45,334.6,332.68,13103664,4359276710.6,104023,9744145.0,74.36
ITC,EQ,2023-01-23,334.6,336.0,338.15,333.05,337.6,337.75,336.68,7124807,2398812192.75,75270,4556499.0,63.95
ITC,EQ,2023-01-24,337.75,337.8,340.75,337.6,338.9,338.95,339.02,12302874,4170878392.8,123629,9127402.0,74.19
ITC,EQ,2023-01-25,338.95,338.9,341.0,335.25,340.0,339.25,338.13,12497542,4225848770.85,115825,8404380.0,67.25
ITC,EQ,2023-01-27,339.25,341.8,348.85,341.5,345.5,346.0,345.5,21040139,7269287174.45,198362,12247433.0,58.21
ITC,EQ,2023-01-30,346.0,346.9,351.75,341.85,343.8,344.8,347.04,14091519,4890259651.0,159810,8386531.0,59.51
ITC,EQ,2023-01-31,344.8,346.0,355.0,341.05,352.6,352.35,348.73,17134291,5975279655.05,207015,11239709.0,65.6
ITC,EQ,2023-02-01,352.35,353.0,365.7,329.1,359.6,361.4,353.75,64518967,22823821017.55,497986,24606119.0,38.14
ITC,EQ,2023-02-02,361.4,361.6,384.7,360.4,378.8,378.6,376.87,55745171,21008522194.1,404278,26456337.0,47.46
ITC,EQ,2023-02-03,378.6,381.9,382.25,372.0,380.7,380.65,378.53,22295321,8439463829.4,236606,9738500.0,43.68
ITC,EQ,2023-02-06,380.65,382.5,388.2,379.6,383.5,383.4,384.59,25790153,9918627583.65,245965,13387419.0,51.91
ITC,EQ,2023-02-07,383.4,383.9,383.9,368.45,373.4,373.25,373.66,20643707,7713764922.45,296046,10183033.0,49.33
ITC,EQ,2023-02-08,373.25,374.75,377.3,371.55,374.55,375.55,375.12,10420462,3908964512.1,125965,5323532.0,51.09
ITC,EQ,2023-02-09,375.55,374.0,380.0,372.15,374.8,374.25,375.49,11861196,4453808751.9,147407,6597115.0,55.62
ITC,EQ,2023-02-10,374.25,372.2,376.95,370.3,371.2,371.35,372.27,10278597,3826370636.7,101423,6698230.0,65.17
ITC,EQ,2023-02-13,371.35,373.0,375.15,370.0,374.1,374.2,372.74,9901148,3690548355.7,110887,5978014.0,60.38
ITC,EQ,2023-02-14,374.2,375.0,387.65,373.75,385.95,386.45,383.62,29125052,11172825493.75,240562,15147893.0,52.01
ITC,EQ,2023-02-15,386.45,381.75,382.85,378.55,382.1,382.2,380.58,12209350,4646631940.25,132308,6229280.0,51.02
ITC,EQ,2023-02-16,382.2,382.0,385.25,381.0,382.0,382.55,383.66,9775280,3750425749.6,119906,5841367.0,59.76
ITC,EQ,2023-02-17,382.55,381.05,384.55,379.25,383.3,383.4,382.91,7672135,2937749082.6,93699,4114314.0,53.63
ITC,EQ,2023-02-20,383.4,384.7,387.5,381.3,383.9,384.05,384.12,7804976,2998018760.35,102345,3400621.0,43.57
ITC,EQ,2023-02-21,384.05,385.0,385.9,381.7,383.0,382.25,384.08,8259574,3172325586.55,88576,4951755.0,59.95
ITC,EQ,2023-02-22,382.25,382.0,384.9,380.0,384.15,383.85,383.28,8961077,3434625178.35,99507,4805723.0,53.63
ITC,EQ,2023-02-23,383.85,384.45,394.0,383.1,387.4,387.6,389.74,18830592,7339108176.85,218500,8823649.0,46.86
ITC,EQ,2023-02-24,387.6,389.0,389.0,381.0,385.25,385.1,384.56,12910220,4964754019.45,118753,7627154.0,59.08
ITC,EQ,2023-02-27,385.1,385.1,386.8,378.1,382.2,382.2,381.68,8142319,3107756123.45,122227,3928450.0,48.25
ITC,EQ,2023-02-28,382.2,382.5,384.25,375.0,376.5,376.7,377.55,16367477,6179566021.75,161521,10661355.0,65.14
ITC,EQ,2023-03-01,376.7,374.25,380.4,373.6,378.6,378.7,378.58,7766667,2940311888.95,114616,4419391.0,56.9
ITC,EQ,2023-03-02,378.7,379.5,379.75,374.7,375.85,375.55,376.22,5019603,1888498850.45,98330,2568003.0,51.16
ITC,EQ,2023-03-03,375.55,377.0,385.4,376.1,385.3,384.95,382.31,8180709,3127554879.7,116737,4219429.0,51.58
ITC,EQ,2023-03-06,384.95,385.9,392.5,385.25,388.5,388.15,388.76,10714339,4165330469.4,130438,6198351.0,57.85
ITC,EQ,2023-03-08,388.15,388.0,393.15,385.1,392.0,392.4,390.02,8917699,3478115878.25,138776,5095367.0,57.14
ITC,EQ,2023-03-09,392.4,392.1,393.6,385.65,387.0,387.5,387.94,9634283,3737536340.0,99411,6197685.0,64.33
ITC,EQ,2023-03-10,387.5,386.95,390.2,383.5,388.2,388.0,387.99,8362265,3244441247.7,101617,5112164.0,61.13
ITC,EQ,2023-03-13,388.0,389.2,390.9,382.5,386.05,383.65,385.1,8791872,3385766737.2,104232,5852846.0,66.57
ITC,EQ,2023-03-14,383.65,385.7,386.45,377.2,380.25,379.7,381.62,10229766,3903872457.5,122468,6602037.0,64.54
ITC,EQ,2023-03-15,379.7,381.0,384.3,378.0,379.15,379.4,380.73,8423692,3207142014.8,108040,5554068.0,65.93
ITC,EQ,2023-03-16,379.4,380.6,382.35,376.85,381.5,381.45,379.89,15710094,5968094056.95,148108,12278731.0,78.16
ITC,EQ,2023-03-17,381.45,385.0,385.0,369.65,376.45,375.55,373.83,48904254,18281954282.65,243657,35077369.0,71.73
ITC,EQ,2023-03-20,375.55,373.3,379.35,372.0,378.75,378.8,375.53,10122167,3801155257.85,128572,6490721.0,64.12
ITC,EQ,2023-03-21,378.8,378.8,378.8,374.05,377.0,376.95,376.2,11610832,4367965152.4,161927,7748321.0,66.73
ITC,EQ,2023-03-22,376.95,376.95,378.85,374.2,378.25,377.75,376.67,4774867,1798564206.45,73043,2749412.0,57.58
ITC,EQ,2023-03-23,377.75,377.0,382.75,374.4,380.2,380.65,380.24,9752326,3708199289.55,118607,5224282.0,53.57
ITC,EQ,2023-03-24,380.65,381.5,383.0,378.0,378.9,378.7,381.12,9934501,3786219400.85,81630,6876733.0,69.22
ITC,EQ,2023-03-27,378.7,377.95,384.4,376.35,380.0,380.2,381.06,10816352,4121729105.8,103476,6564514.0,60.69
ITC,EQ,2023-03-28,380.2,380.2,382.35,378.15,379.75,379.75,379.78,9170535,3482749738.7,115524,5528670.0,60.29
ITC,EQ,2023-03-29,379.75,380.2,384.0,377.15,383.05,382.75,381.12,10160322,3872300673.45,120617,6231122.0,61.33
ITC,EQ,2023-03-31,382.75,382.0,384.5,380.0,383.2,383.5,382.81,9511189,3640946510.3,167654,6309361.0,66.34
ITC,EQ,2023-04-03,383.5,384.0,384.0,378.5,379.2,378.9,380.29,7059200,2684575844.1,99525,4641292.0,65.75
ITC,EQ,2023-04-05,378.9,378.9,387.05,378.9,387.0,386.4,384.85,11608424,4467559164.15,108671,5365465.0,46.22
ITC,EQ,2023-04-06,386.4,386.65,390.3,384.2,387.5,387.35,386.84,12897667,4989335495.8,132193,6826083.0,52.92
ITC,EQ,2023-04-10,387.35,387.35,390.0,384.75,388.0,388.55,388.13,6783022,2632713042.55,110021,3358283.0,49.51
ITC,EQ,2023-04-11,388.55,388.55,398.1,388.0,396.0,396.0,394.8,18237451,7200071922.8,171305,11182030.0,61.31
ITC,EQ,2023-04-12,396.0,397.75,397.8,392.1,393.95,393.55,393.94,9747526,3839976788.65,153023,6254104.0,64.16
ITC,EQ,2023-04-13,393.55,395.5,396.6,393.7,395.7,395.6,395.36,6059044,2395487558.3,101183,3371548.0,55.64
ITC,EQ,2023-04-17,395.6,392.9,402.0,392.9,399.9,400.15,399.65,11041243,4412651379.85,133940,5716976.0,51.78
ITC,EQ,2023-04-18,400.15,400.0,402.0,397.0,398.5,398.5,399.47,9494641,3792811716.3,101699,5888898.0,62.02
ITC,EQ,2023-04-19,398.5,396.05,401.35,396.0,398.2,398.75,399.22,9744202,3890059257.2,116016,4098858.0,42.06
ITC,EQ,2023-04-20,398.75,400.0,402.65,397.7,400.3,400.3,400.07,6667781,2667594588.7,85369,3642582.0,54.63
ITC,EQ,2023-04-21,400.3,400.3,409.0,399.05,408.0,408.25,405.7,14252204,5782074755.15,143707,7598233.0,53.31
ITC,EQ,2023-04-24,408.25,410.0,410.0,404.2,408.3,408.7,406.76,5981760,2433134566.4,104586,3056118.0,51.09
ITC,EQ,2023-04-25,408.7,408.7,413.55,407.4,411.25,411.55,411.47,8840188,3637439819.45,121252,4762036.0,53.87
ITC,EQ,2023-04-26,411.55,412.0,413.0,409.05,411.75,412.25,411.37,7620723,3134904442.9,138179,4242232.0,55.67
ITC,EQ,2023-04-27,412.25,412.2,417.4,411.0,416.0,416.0,415.6,12614263,5242441962.8,127117,7690676.0,60.97
ITC,EQ,2023-04-28,416.0,418.0,428.25,413.7,426.2,425.55,421.32,12718721,5358687978.1,125288,7677837.0,60.37
ITC,EQ,2023-05-02,425.55,426.0,427.0,421.2,424.8,424.45,424.29,10253527,4350456302.45,235796,6178688.0,60.26
ITC,EQ,2023-05-03,424.45,424.0,428.5,422.05,426.95,427.15,426.65,7325483,3125437667.6,136925,3922497.0,53.55
ITC,EQ,2023-05-04,427.15,425.3,427.0,424.0,424.15,424.6,424.93,7984933,3393021577.85,141346,5059501.0,63.36
ITC,EQ,2023-05-05,424.6,425.95,431.9,424.35,429.3,428.75,427.76,12412416,5309505691.45,136979,7934569.0,63.92
ITC,EQ,2023-05-08,428.75,431.0,433.45,429.35,432.1,431.45,431.27,7243636,3123994202.1,110800,4339729.0,59.91
ITC,EQ,2023-05-09,431.45,432.8,433.15,421.5,424.1,423.8,426.09,9992962,4257875074.6,192266,5829710.0,58.34
ITC,EQ,2023-05-10,423.8,423.95,426.35,422.2,424.6,425.35,424.44,9754485,4140236476.55,115461,5783042.0,59.29
ITC,EQ,2023-05-11,425.35,427.25,427.4,418.9,421.25,420.4,422.51,15982423,6752691707.75,146138,9254924.0,57.91
ITC,EQ,2023-05-12,420.4,420.4,422.7,416.05,420.15,420.45,419.6,11135894,4672569928.7,127862,7181193.0,64.49
ITC,EQ,2023-05-15,420.45,420.0,428.7,419.05,428.4,427.8,425.33,9151102,3892210377.75,142351,4688935.0,51.24
ITC,EQ,2023-05-16,427.8,430.0,430.0,423.5,424.45,423.95,425.66,7994197,3402844838.5,167923,4198616.0,52.52
ITC,EQ,2023-05-17,423.95,424.15,428.95,422.6,428.05,427.6,425.56,9479691,4034211521.55,115983,5154002.0,54.37
ITC,EQ,2023-05-18,427.6,430.0,432.45,418.1,418.85,419.7,423.56,23995166,10163297449.6,192911,11658722.0,48.59
ITC,EQ,2023-05-19,419.7,420.95,423.1,411.35,420.1,419.85,417.72,25767521,10763594935.0,252667,13470675.0,52.28
ITC,EQ,2023-05-22,419.85,421.95,425.75,419.1,425.1,424.75,423.44,15421680,6530106829.0,114656,10263170.0,66.55
ITC,EQ,2023-05-23,424.75,426.0,431.2,424.2,429.4,429.15,428.95,8732608,3745834140.9,95039,4568519.0,52.32
ITC,EQ,2023-05-24,429.15,428.3,434.75,427.0,434.0,433.5,431.98,11479706,4958994968.35,109453,5913651.0,51.51
ITC,EQ,2023-05-25,433.5,436.95,442.45,434.8,441.75,441.15,439.95,18204464,8009108087.9,149170,8315084.0,45.68
ITC,EQ,2023-05-26,441.15,443.4,444.75,439.5,443.95,443.6,443.04,12995706,5757573299.45,100502,9171830.0,70.58
ITC,EQ,2023-05-29,443.6,445.0,451.8,444.1,448.95,449.1,449.07,19826254,8903460482.55,138647,12959439.0,65.37
ITC,EQ,2023-05-30,449.1,441.0,451.45,441.0,449.95,449.9,447.84,18900002,8464137340.7,156176,9602606.0,50.81
ITC,EQ,2023-05-31,449.9,449.3,452.0,442.45,446.0,445.5,446.12,14272292,6367119611.25,174471,6768661.0,47.43
ITC,EQ,2023-06-01,445.5,447.0,447.0,439.0,440.1,439.7,441.7,8803137,3888310387.15,134912,3916632.0,44.49
ITC,EQ,2023-06-02,439.7,440.0,444.9,439.8,442.95,443.4,442.63,9203842,4073882251.1,122633,5469187.0,59.42
ITC,EQ,2023-06-05,443.4,445.0,446.85,440.1,441.3,440.65,442.6,7152179,3165534777.75,114066,3933997.0,55.0
ITC,EQ,2023-06-06,440.65,440.8,443.6,440.4,443.45,442.8,441.92,6454486,2852356704.2,99335,3608189.0,55.9
ITC,EQ,2023-06-07,442.8,444.0,445.65,442.75,444.1,443.95,444.02,7543432,3349431451.45,106303,3582238.0,47.49
ITC,EQ,2023-06-08,443.95,445.7,445.75,441.9,443.1,442.9,443.56,7024424,3115723109.8,104805,3212977.0,45.74
ITC,EQ,2023-06-09,442.9,435.15,444.7,435.15,438.95,438.45,440.39,7057843,3108236555.3,132621,4428294.0,62.74
ITC,EQ,2023-06-12,438.45,440.0,440.95,433.85,437.5,436.95,436.47,8719176,3805701631.45,134260,5840811.0,66.99
ITC,EQ,2023-06-13,436.95,441.0,446.4,438.3,445.9,445.4,444.37,16111860,7159622903.4,154723,8667685.0,53.8
ITC,EQ,2023-06-14,445.4,446.25,447.75,443.75,444.85,444.5,446.09,8704178,3882846562.0,136087,5445806.0,62.57
ITC,EQ,2023-06-15,444.5,445.0,448.75,444.75,448.0,448.1,447.49,7498727,3355607683.8,121812,3485346.0,46.48
ITC,EQ,2023-06-16,448.1,449.0,455.6,447.9,453.5,453.1,452.71,11729681,5310177400.75,129067,7149923.0,60.96
ITC,EQ,2023-06-19,453.1,454.75,455.9,452.25,453.75,453.6,454.31,4189180,1903187370.95,67433,1927471.0,46.01
ITC,EQ,2023-06-20,453.6,454.8,454.8,450.15,453.2,452.85,451.91,4472119,2020975859.75,84850,2556009.0,57.15
ITC,EQ,2023-06-21,452.85,452.0,454.2,445.05,448.0,447.05,449.14,6059504,2721584526.6,109801,3202132.0,52.84
ITC,EQ,2023-06-22,447.05,448.0,449.65,445.85,447.75,447.65,447.94,6637099,2973041763.65,90886,3420124.0,51.53
ITC,EQ,2023-06-23,447.65,447.5,447.65,442.7,445.1,444.75,444.73,6090901,2708809798.45,102419,3336063.0,54.77
ITC,EQ,2023-06-26,444.75,446.9,451.4,444.0,445.3,445.7,446.93,5477339,2447961222.15,137298,2831648.0,51.7
ITC,EQ,2023-06-27,445.7,446.1,447.2,443.15,445.45,445.1,444.66,4865596,2163549325.65,104647,2873797.0,59.06
ITC,EQ,2023-06-28,445.1,445.0,450.6,444.5,449.0,449.35,448.75,12082753,5422169509.15,170319,7321652.0,60.6
ITC,EQ,2023-06-30,449.35,450.0,451.95,446.6,451.5,451.6,450.32,9106074,4100691375.6,155907,5413178.0,59.45
ITC,EQ,2023-07-03,451.6,451.6,465.95,450.05,465.9,463.25,458.0,10699143,4900200625.2,163111,5637269.0,52.69
ITC,EQ,2023-07-04,463.25,465.0,468.0,459.8,465.7,466.35,463.64,7725081,3581620230.1,140645,3117589.0,40.36
ITC,EQ,2023-07-05,466.35,466.35,480.65,464.3,475.05,475.1,474.29,16252992,7708668274.75,276676,5710926.0,35.14
ITC,EQ,2023-07-06,475.1,477.35,477.4,470.5,474.5,473.9,473.31,9471054,4482701746.3,177472,4663299.0,49.24
ITC,EQ,2023-07-07,473.9,473.0,475.5,467.6,469.5,468.4,470.8,7323451,3447894801.85,173910,4193097.0,57.26
ITC,EQ,2023-07-10,468.4,470.0,470.9,463.7,467.0,465.85,466.83,6521300,3044348299.9,147782,3679431.0,56.42
ITC,EQ,2023-07-11,465.85,466.0,474.55,466.0,473.45,473.15,471.9,8457557,3991128321.35,141001,5035059.0,59.53
ITC,EQ,2023-07-12,473.15,477.75,477.75,470.45,471.95,472.3,473.43,12340934,5842614387.9,151437,7884835.0,63.89
ITC,EQ,2023-07-13,472.3,473.9,476.75,471.0,472.35,472.0,474.18,7909757,3750647067.45,130301,5013014.0,63.38
ITC,EQ,2023-07-14,472.0,473.0,475.0,471.35,473.55,472.9,473.2,5081391,2404496856.15,119759,3068683.0,60.39
ITC,EQ,2023-07-17,472.9,474.5,475.8,470.6,472.4,472.35,473.01,6090738,2880982660.55,132996,3488127.0,57.27
ITC,EQ,2023-07-18,472.35,472.55,474.2,471.0,472.65,472.5,472.53,5352283,2529090691.15,119303,3316174.0,61.96
ITC,EQ,2023-07-19,472.5,472.75,480.45,468.1,479.15,478.85,474.71,13867323,6583023567.35,172994,9180775.0,66.2
ITC,EQ,2023-07-20,478.85,479.9,493.7,476.3,491.5,492.15,487.49,20250206,9871847183.05,254892,9315471.0,46.0
ITC,EQ,2023-07-21,492.15,491.8,497.7,487.0,493.45,490.45,492.4,13971982,6879844644.8,216222,4755944.0,34.04
ITC,EQ,2023-07-24,490.45,493.45,499.7,468.15,469.35,471.35,479.36,38976815,18684064255.75,394048,17381287.0,44.59
ITC,EQ,2023-07-25,471.35,467.9,468.5,455.4,461.35,462.3,459.9,43534718,20021634759.95,455276,20955653.0,48.14
ITC,EQ,2023-07-26,462.3,464.9,473.0,462.05,472.4,472.25,469.76,18143422,8523140129.85,253061,8492825.0,46.81
ITC,EQ,2023-07-27,472.25,474.4,475.15,461.1,467.15,465.05,468.53,13989457,6554459376.05,228805,7336215.0,52.44
ITC,EQ,2023-07-28,465.05,467.7,469.45,463.4,467.65,468.45,466.6,9978231,4655887886.55,165596,5190382.0,52.02
ITC,EQ,2023-07-31,468.45,469.0,469.7,463.5,465.25,465.7,466.31,8194797,3821300383.9,189948,5042195.0,61.53
ITC,EQ,2023-08-01,465.7,466.0,468.85,463.8,465.5,464.8,466.15,6438221,3001150880.55,150394,4021677.0,62.47
ITC,EQ,2023-08-02,464.8,464.6,464.8,458.0,460.0,460.1,459.99,10318220,4746232499.3,241505,6386860.0,61.9
ITC,EQ,2023-08-03,460.1,460.1,463.75,454.3,456.3,456.05,458.67,10617897,4870069798.2,209906,5245559.0,49.4
ITC,EQ,2023-08-04,456.05,456.3,461.4,454.25,455.25,454.95,456.12,6834401,3117333363.9,156261,3351299.0,49.04
ITC,EQ,2023-08-07,454.95,454.1,456.55,450.95,454.95,454.9,454.38,9161131,4162665798.75,190759,5851085.0,63.87
ITC,EQ,2023-08-08,454.9,457.0,457.0,451.05,452.3,452.35,453.21,6392488,2897108679.7,167641,4248813.0,66.47
ITC,EQ,2023-08-09,452.35,452.35,459.9,446.9,459.0,458.65,452.31,9758343,4413784771.45,197461,5625492.0,57.65
ITC,EQ,2023-08-10,458.65,458.9,459.3,449.0,452.95,451.75,452.47,13194170,5969991295.95,271611,7671937.0,58.15
ITC,EQ,2023-08-11,451.75,453.9,453.9,444.75,448.0,448.75,447.68,11582326,5185144631.5,229984,5868985.0,50.67
ITC,EQ,2023-08-14,448.75,448.75,451.25,445.05,447.8,449.2,447.6,7562808,3385119308.2,187268,3979581.0,52.62
ITC,EQ,2023-08-16,449.2,451.0,457.4,448.2,449.0,450.25,451.91,14920272,6742605845.9,208058,7521581.0,50.41
ITC,EQ,2023-08-17,450.25,450.0,450.0,440.0,440.95,441.0,441.95,16269569,7190276040.4,353763,8902443.0,54.72
ITC,EQ,2023-08-18,441.0,441.0,443.35,438.5,441.0,441.65,440.84,19324262,8518948569.5,274698,12800210.0,66.24
ITC,EQ,2023-08-21,441.65,442.0,448.5,441.35,448.0,447.8,445.61,9572041,4265403760.5,148497,6596905.0,68.92
ITC,EQ,2023-08-22,447.8,449.0,455.15,447.0,454.4,454.25,452.56,9854945,4459947311.75,151525,5613198.0,56.96
ITC,EQ,2023-08-23,454.25,455.6,455.65,448.6,450.6,450.45,450.74,8445029,3806500841.0,181446,4622611.0,54.74
ITC,EQ,2023-08-24,450.45,450.6,453.5,449.3,451.2,450.9,450.97,6088274,2745642789.2,157601,3313501.0,54.42
ITC,EQ,2023-08-25,450.9,450.9,451.0,442.05,443.5,443.35,445.97,9270988,4134566040.8,169813,5686487.0,61.34
ITC,EQ,2023-08-28,443.35,445.0,446.85,441.0,441.0,441.4,443.37,6910750,3063999468.2,125415,4448101.0,64.36
ITC,EQ,2023-08-29,441.4,442.95,444.0,439.2,440.7,440.1,440.75,9480003,4178342360.05,173053,6416666.0,67.69
ITC,EQ,2023-08-30,440.1,441.0,444.0,440.5,443.1,442.8,442.53,7364924,3259176403.1,129298,5184732.0,70.4
ITC,EQ,2023-08-31,442.8,443.0,444.9,436.1,439.5,439.7,439.7,19900312,8750176727.45,226365,12424314.0,62.43
ITC,EQ,2023-09-01,439.7,440.0,445.0,438.3,440.0,441.05,442.04,11438624,5056307086.15,209049,7479635.0,65.39
ITC,EQ,2023-09-04,441.05,443.35,443.35,436.65,437.5,437.5,438.46,13604608,5965023205.7,195519,10153713.0,74.63
ITC,EQ,2023-09-05,437.5,438.9,444.5,438.5,444.15,443.1,441.31,8378915,3697663243.35,125789,5404379.0,64.5
ITC,EQ,2023-09-06,443.1,443.95,448.5,442.0,448.0,447.45,445.72,12863039,5733284923.4,179677,7756031.0,60.3
ITC,EQ,2023-09-07,447.45,448.8,449.0,444.6,446.0,445.9,446.01,8090369,3608394716.25,119372,4020666.0,49.7
ITC,EQ,2023-09-08,445.9,447.9,447.9,441.85,442.7,442.65,443.46,9939517,4407778233.95,138338,6836801.0,68.78
ITC,EQ,2023-09-11,442.65,446.0,448.1,442.65,447.95,447.2,445.08,9320577,4148410205.85,165092,6535339.0,70.12
ITC,EQ,2023-09-12,447.2,448.9,454.3,445.6,451.0,451.15,450.56,14406441,6491027758.45,203436,7197702.0,49.96
ITC,EQ,2023-09-13,451.15,452.2,457.0,451.1,453.3,453.5,453.91,11813170,5362135445.7,169384,6240534.0,52.83
ITC,EQ,2023-09-14,453.5,455.9,455.9,447.15,450.35,449.95,450.17,14430930,6496313051.65,216539,7379240.0,51.13
ITC,EQ,2023-09-15,449.95,448.05,452.1,447.0,447.9,448.35,449.1,15077136,6771163336.05,158789,10523981.0,69.8
ITC,EQ,2023-09-18,448.35,448.35,454.0,446.2,451.95,452.05,451.88,8197425,3704274692.05,134382,5212417.0,63.59
ITC,EQ,2023-09-20,452.05,451.7,455.1,449.55,452.85,452.95,453.08,9959649,4512476237.45,149782,6634040.0,66.61
ITC,EQ,2023-09-21,452.95,452.8,453.55,444.5,447.5,447.5,447.41,10719470,4795986148.2,187202,4227235.0,39.44
ITC,EQ,2023-09-22,447.5,447.5,448.4,442.25,442.5,443.1,444.33,7506309,3335288560.3,195313,3445505.0,45.9
ITC,EQ,2023-09-25,443.1,443.1,444.8,438.35,443.1,442.6,441.75,5782955,2554632224.3,126229,3252494.0,56.24
ITC,EQ,2023-09-26,442.6,443.6,444.5,439.7,442.8,442.45,442.01,5327833,2354954516.75,114357,3274616.0,61.46
ITC,EQ,2023-09-27,442.45,442.45,449.8,438.8,449.35,449.15,445.78,10490786,4676596819.75,161084,6704583.0,63.91
ITC,EQ,2023-09-28,449.15,449.95,449.95,439.6,441.15,440.75,442.49,10216736,4520850400.35,155680,4826188.0,47.24
ITC,EQ,2023-09-29,440.75,442.0,445.6,439.2,443.5,444.4,443.32,8160058,3617550656.8,138714,4576583.0,56.09
ITC,EQ,2023-10-03,444.4,441.0,442.9,439.25,439.65,439.75,440.62,7481883,3296673214.6,186900,5076017.0,67.84
ITC,EQ,2023-10-04,439.75,439.75,441.7,433.3,435.35,436.1,437.58,13396709,5862143527.85,219368,8637052.0,64.47
ITC,EQ,2023-10-05,436.1,440.0,440.5,435.05,436.6,436.05,437.31,10030257,4386355806.9,194053,5114990.0,51.0
ITC,EQ,2023-10-06,436.05,437.85,443.6,436.65,442.6,442.15,441.76,8418580,3718997999.1,146980,4195917.0,49.84
ITC,EQ,2023-10-09,442.15,440.95,443.2,437.25,439.65,440.45,440.61,5611154,2472316260.35,131925,3137698.0,55.92
ITC,EQ,2023-10-10,440.45,440.45,444.85,440.45,444.7,444.4,443.47,5014758,2223894873.1,141128,3086342.0,61.55
ITC,EQ,2023-10-11,444.4,447.2,449.45,444.8,447.5,448.25,447.45,7651513,3423693653.2,119123,5244282.0,68.54
ITC,EQ,2023-10-12,448.25,449.65,452.5,446.15,451.0,450.7,450.47,11774487,5304011557.7,127972,7265163.0,61.7
ITC,EQ,2023-10-13,450.7,449.85,451.8,447.0,448.0,448.35,449.73,7632483,3432558181.35,135556,4018918.0,52.66
ITC,EQ,2023-10-16,448.35,448.0,451.0,446.2,448.2,448.95,449.42,4214958,1894305840.25,103179,2523150.0,59.86
ITC,EQ,2023-10-17,448.95,449.8,454.5,449.0,453.5,453.45,452.96,6936218,3141820069.9,119724,4585851.0,66.11
ITC,EQ,2023-10-18,453.45,454.25,458.2,451.0,451.7,451.65,454.49,6894947,3133663541.95,155654,3902164.0,56.59
ITC,EQ,2023-10-19,451.65,449.75,454.9,446.85,450.05,450.4,450.6,9465463,4265143431.25,228007,4204802.0,44.42
ITC,EQ,2023-10-20,450.4,445.0,449.0,437.35,438.0,438.3,440.74,13020371,5738637212.35,347081,6493745.0,49.87
ITC,EQ,2023-10-23,438.3,438.0,439.95,433.1,434.6,435.9,436.65,7275471,3176839602.2,170442,4023477.0,55.3
ITC,EQ,2023-10-25,435.9,436.9,438.0,427.05,432.3,432.7,432.29,10889221,4707251503.7,227701,6318695.0,58.03
ITC,EQ,2023-10-26,432.7,429.55,436.6,429.55,432.65,434.35,433.54,18801214,8151061459.6,240264,11527415.0,61.31
ITC,EQ,2023-10-27,434.35,434.35,436.8,432.2,433.9,433.75,434.0,13132487,5699453016.85,155586,8727617.0,66.46
ITC,EQ,2023-10-30,433.75,434.55,437.15,428.35,431.5,430.45,430.92,7618033,3282778364.6,138620,5019200.0,65.89
ITC,EQ,2023-10-31,430.45,430.0,433.35,427.9,428.45,428.4,429.99,8620154,3706553452.7,163866,6406898.0,74.32
ITC,EQ,2023-11-01,428.4,430.0,431.1,425.5,430.35,428.1,428.3,7990245,3422242128.95,163579,5419970.0,67.83
ITC,EQ,2023-11-02,428.1,430.05,432.7,428.65,430.8,431.15,430.18,8152031,3506807055.75,144426,3809606.0,46.73
ITC,EQ,2023-11-03,431.15,432.8,434.4,431.1,432.1,433.25,432.68,13802600,5972097160.75,110620,10823030.0,78.41
ITC,EQ,2023-11-06,433.25,433.5,436.8,432.55,434.9,435.35,434.21,7308229,3173328173.2,129745,5507380.0,75.36
ITC,EQ,2023-11-07,435.35,434.9,434.9,432.15,432.95,432.7,433.04,5124012,2218895493.75,127198,3895479.0,76.02
ITC,EQ,2023-11-08,432.7,433.15,437.5,432.3,437.0,436.95,434.61,6979849,3033492148.85,120482,5169316.0,74.06
ITC,EQ,2023-11-09,436.95,437.8,438.0,433.9,434.45,434.4,435.48,7785767,3390581111.5,117539,4082632.0,52.44
ITC,EQ,2023-11-10,434.4,434.4,438.0,432.5,437.95,436.55,435.19,4079205,1775212626.75,99710,2692615.0,66.01
ITC,EQ,2023-11-12,436.55,438.85,439.2,438.0,438.75,438.45,438.66,1181310,518193286.15,54111,743198.0,62.91
ITC,EQ,2023-11-13,438.45,438.4,438.4,435.0,435.95,436.0,436.25,3744754,1633635527.55,91487,2698233.0,72.05
ITC,EQ,2023-11-15,436.0,438.1,442.5,437.5,442.0,441.95,440.16,7436428,3273239271.95,97387,5469465.0,73.55
ITC,EQ,2023-11-16,441.95,441.95,444.5,437.6,439.2,438.65,441.02,10857863,4788516957.7,144767,5813139.0,53.54
ITC,EQ,2023-11-17,438.65,439.25,441.5,438.3,438.85,439.25,439.47,6655278,2924821117.8,124069,4415539.0,66.35
ITC,EQ,2023-11-20,439.25,439.85,440.3,434.5,436.3,436.8,437.43,4335388,1896428774.5,101713,2719345.0,62.72
ITC,EQ,2023-11-21,436.8,437.15,439.3,435.5,436.2,436.25,437.01,5997810,2621113885.4,115882,4470531.0,74.54
ITC,EQ,2023-11-22,436.25,437.0,440.4,434.8,440.15,439.7,437.8,4886687,2139403597.8,94940,3258964.0,66.69
ITC,EQ,2023-11-23,439.7,440.95,442.25,438.25,440.9,440.35,440.31,6366606,2803291959.25,98441,3432359.0,53.91
ITC,EQ,2023-11-24,440.35,441.0,442.25,436.85,437.9,437.8,439.0,6821878,2994784740.4,116779,3910314.0,57.32
ITC,EQ,2023-11-28,437.8,438.0,439.0,434.9,435.9,435.25,436.05,8745691,3813552286.95,177548,6556300.0,74.97
ITC,EQ,2023-11-29,435.25,436.0,438.5,434.15,436.9,437.2,436.15,13785216,6012481178.15,181426,10856023.0,78.75
ITC,EQ,2023-11-30,437.2,436.7,438.45,434.5,436.75,435.8,436.0,15127505,6595568134.95,205331,9565526.0,63.23
ITC,EQ,2023-12-01,435.8,437.9,450.95,437.4,449.15,449.8,446.61,19336856,8636046292.35,233084,11188784.0,57.86
ITC,EQ,2023-12-04,449.8,455.0,456.4,451.0,453.1,454.05,453.73,12800220,5807860907.55,218205,7609242.0,59.45
ITC,EQ,2023-12-05,454.05,455.0,457.8,450.1,452.4,451.75,453.52,12136292,5504017393.25,154505,8868016.0,73.07
ITC,EQ,2023-12-06,451.75,453.9,464.5,452.1,463.45,463.25,461.17,20417559,9415918516.3,295774,12293308.0,60.21
ITC,EQ,2023-12-07,463.25,464.75,464.8,457.4,458.2,458.1,459.4,11310918,5196208022.5,175050,7392937.0,65.36
ITC,EQ,2023-12-08,458.1,459.95,461.6,448.5,450.0,449.15,452.69,18667895,8450769799.45,173240,12636087.0,67.69
ITC,EQ,2023-12-11,449.15,451.5,453.6,449.3,453.2,452.45,451.92,6599973,2982667106.3,153704,3718291.0,56.34
ITC,EQ,2023-12-12,452.45,454.2,460.0,452.35,453.6,453.1,456.17,10158101,4633852599.45,159664,6050317.0,59.56
ITC,EQ,2023-12-13,453.1,456.3,458.85,453.1,455.6,455.65,455.72,11283868,5142261661.75,136565,7442384.0,65.96
ITC,EQ,2023-12-14,455.65,460.0,461.0,449.45,458.3,460.1,458.42,14370803,6587926047.65,198906,6867363.0,47.79
ITC,EQ,2023-12-15,460.1,461.9,462.95,455.0,458.55,458.2,457.72,15789845,7227299043.7,205228,10208116.0,64.65
ITC,EQ,2023-12-18,458.2,455.0,456.0,450.35,451.95,451.65,451.89,12027620,5435127623.5,202238,7794554.0,64.81
ITC,EQ,2023-12-19,451.65,453.35,458.0,452.05,456.45,456.1,455.77,10268755,4680212654.95,163132,5612411.0,54.66
ITC,EQ,2023-12-20,456.1,459.0,459.25,449.3,450.15,451.0,454.97,10367665,4716934041.15,171902,6640772.0,64.05
ITC,EQ,2023-12-21,451.0,449.0,453.75,444.45,452.0,451.45,450.19,11154625,5021673354.15,173231,4470012.0,40.07
ITC,EQ,2023-12-22,451.45,453.0,455.9,450.55,454.2,455.2,454.25,11026317,5008664858.2,189460,5768253.0,52.31
ITC,EQ,2023-12-26,455.2,456.05,458.9,454.7,457.05,456.45,456.9,5871301,2682601608.85,133599,3481362.0,59.29
ITC,EQ,2023-12-27,456.45,457.0,458.5,453.75,456.6,457.1,455.97,7543383,3439550563.55,141438,5018034.0,66.52
ITC,EQ,2023-12-28,457.1,457.2,464.7,456.1,463.95,464.1,461.6,20696101,9553290485.3,219642,13415647.0,64.82
ITC,EQ,2023-12-29,464.1,464.1,467.9,461.35,462.0,462.1,464.6,12888266,5987892520.95,195653,6617133.0,51.34
ITC,EQ,2024-01-01,462.1,463.5,469.95,462.65,465.8,468.05,467.15,9346277,4366127498.3,167073,5465510.0,58.48
ITC,EQ,2024-01-02,468.05,470.0,471.35,463.6,470.15,470.35,468.26,10519771,4926002186.85,159124,5745283.0,54.61
ITC,EQ,2024-01-03,470.35,470.25,480.7,469.35,477.45,477.25,477.4,24036012,11474709723.9,270703,14721255.0,61.25
ITC,EQ,2024-01-04,477.25,480.0,481.45,474.2,475.5,476.4,478.62,11786959,5641469823.9,145887,7696185.0,65.29
ITC,EQ,2024-01-05,476.4,479.4,479.4,472.0,473.8,473.95,474.98,9209405,4374280743.7,191991,4440737.0,48.22
ITC,EQ,2024-01-08,473.95,475.0,475.5,464.55,465.35,465.5,467.76,8003177,3743577082.0,162793,4812551.0,60.13
ITC,EQ,2024-01-09,465.5,467.5,469.95,463.65,464.2,464.55,466.06,5696780,2655047091.6,133889,4027680.0,70.7
ITC,EQ,2024-01-10,464.55,464.55,466.75,460.05,463.5,463.3,462.07,5896123,2724412894.15,113576,3740583.0,63.44
ITC,EQ,2024-01-11,463.3,464.1,466.55,461.1,463.25,462.65,463.35,6534775,3027885522.2,128488,4215285.0,64.51
ITC,EQ,2024-01-12,462.65,463.25,467.7,460.35,467.4,466.7,464.54,9354326,4345496069.9,151600,4822834.0,51.56
ITC,EQ,2024-01-15,466.7,470.0,470.5,466.1,467.55,467.6,467.74,6902156,3228425376.55,141310,4611432.0,66.81
ITC,EQ,2024-01-16,467.6,467.8,475.0,464.25,475.0,472.3,469.28,12066347,5662477326.35,181194,6879661.0,57.02
ITC,EQ,2024-01-17,472.3,471.4,477.0,465.2,467.3,466.6,470.02,11108698,5221322440.85,163870,6151281.0,55.37
ITC,EQ,2024-01-18,466.6,465.25,467.85,454.55,466.45,465.5,463.82,9143784,4241036943.75,162645,4553128.0,49.79
ITC,EQ,2024-01-19,465.5,468.55,473.0,466.4,472.0,471.5,470.66,12203322,5743598363.6,140093,7637837.0,62.59
ITC,EQ,2024-01-20,471.5,473.4,475.0,468.0,468.3,468.4,471.38,3296407,1553845356.45,53837,1641737.0,49.8
ITC,EQ,2024-01-23,468.4,473.75,473.75,456.4,459.85,459.3,465.33,8404513,3910881933.9,174187,4851770.0,57.73
ITC,EQ,2024-01-24,459.3,460.1,467.4,458.1,461.8,463.6,461.87,21626183,9988404501.0,182598,14016786.0,64.81
ITC,EQ,2024-01-25,463.6,463.55,464.95,452.1,457.5,455.65,456.11,19677700,8975118150.05,206935,11234403.0,57.09
ITC,EQ,2024-01-29,455.65,455.9,457.25,447.5,448.7,449.8,452.63,17869152,8088099555.1,253582,12933058.0,72.38
ITC,EQ,2024-01-30,449.8,447.0,453.7,437.4,438.25,438.05,442.5,43514448,19255117086.65,699940,28747175.0,66.06
ITC,EQ,2024-01-31,438.05,440.0,442.5,438.7,441.75,441.55,440.69,19882944,8762279321.85,240053,15411890.0,77.51
ITC,EQ,2024-02-01,441.55,442.0,447.75,439.3,442.4,442.9,443.51,19165409,8500057382.95,272761,10323055.0,53.86
ITC,EQ,2024-02-02,442.9,445.0,447.2,439.5,440.6,440.1,442.87,17156021,7597814278.4,252589,10171078.0,59.29
ITC,EQ,2024-02-05,440.1,442.0,443.65,436.55,438.15,438.05,440.45,12041897,5303874698.3,203069,9041318.0,75.08
ITC,EQ,2024-02-06,438.05,440.0,440.9,429.5,431.9,431.4,433.22,18764371,8129148176.75,337897,13913875.0,74.15
ITC,EQ,2024-02-07,431.4,435.0,435.0,430.8,431.8,431.8,432.35,12880824,5569065160.55,234908,9486689.0,73.65
ITC,EQ,2024-02-08,431.8,429.0,429.1,408.6,414.45,414.55,417.33,48183882,20108762451.8,568349,28028614.0,58.17
ITC,EQ,2024-02-09,414.55,410.1,424.2,408.6,415.0,415.5,417.23,32283965,13469707741.5,345877,16113855.0,49.91
ITC,EQ,2024-02-12,415.5,417.55,418.0,406.05,406.8,406.85,410.04,10906914,4472271553.1,227195,6453241.0,59.17
ITC,EQ,2024-02-13,406.85,406.9,410.8,403.3,406.9,406.75,407.16,15606705,6354478400.2,251076,9961342.0,63.83
ITC,EQ,2024-02-14,406.75,406.0,412.25,404.4,412.15,411.55,408.96,12150077,4968946837.35,180419,7535559.0,62.02
ITC,EQ,2024-02-15,411.55,413.0,414.55,403.15,404.75,403.9,406.08,20383983,8277577375.4,267030,13766752.0,67.54
ITC,EQ,2024-02-16,403.9,405.0,409.55,399.4,404.6,404.6,403.76,37518847,15148423499.5,302859,24595318.0,65.55
ITC,EQ,2024-02-19,404.6,405.0,412.75,404.6,409.2,409.25,410.11,16949793,6951357970.1,195499,10752387.0,63.44
ITC,EQ,2024-02-20,409.25,410.45,410.45,404.3,406.9,406.1,406.62,14084218,5726913345.05,200707,9073050.0,64.42
ITC,EQ,2024-02-21,406.1,407.0,410.1,401.3,402.75,403.35,406.26,19414653,7887411451.6,308873,13183146.0,67.9
ITC,EQ,2024-02-22,403.35,406.9,415.15,403.45,415.0,414.45,409.04,18604659,7610034475.7,265415,8370494.0,44.99
ITC,EQ,2024-02-23,414.45,415.9,415.9,410.5,410.9,411.4,412.65,11147636,4600035861.05,168693,6213335.0,55.74
ITC,EQ,2024-02-26,411.4,411.1,413.05,407.3,409.15,409.2,409.48,7982145,3268555512.1,141120,4790301.0,60.01
ITC,EQ,2024-02-27,409.2,410.0,412.75,408.55,410.7,411.15,410.81,7783743,3197656361.8,149253,4984666.0,64.04
ITC,EQ,2024-02-28,411.15,411.15,412.35,406.8,407.85,408.3,409.1,8617768,3525549262.0,157196,5873466.0,68.16
ITC,EQ,2024-02-29,408.3,409.0,411.05,404.5,406.9,406.3,407.62,14895144,6071493472.75,182863,9472085.0,63.59
ITC,EQ,2024-03-01,406.3,408.9,413.15,407.5,410.1,409.5,410.66,12395632,5090435126.7,198418,7169368.0,57.84
ITC,EQ,2024-03-02,409.5,411.0,412.8,410.1,412.0,412.05,411.74,977655,402543968.55,18531,647680.0,66.25
ITC,EQ,2024-03-04,412.05,412.25,412.95,408.45,409.3,409.1,410.01,6840352,2804587543.55,128186,4766484.0,69.68
ITC,EQ,2024-03-05,409.1,409.65,411.4,403.95,406.5,406.15,407.09,9733507,3962460772.3,187977,6231668.0,64.02
ITC,EQ,2024-03-06,406.15,406.5,409.95,400.7,407.95,407.85,405.02,11106855,4498498834.65,238724,6037161.0,54.36
ITC,EQ,2024-03-07,407.85,407.85,414.95,403.65,414.7,413.55,409.07,23020545,9416941135.65,266079,13173374.0,57.22
ITC,EQ,2024-03-11,413.55,416.8,418.3,408.0,409.2,409.4,413.66,17620081,7288643584.0,220154,10466219.0,59.4
ITC,EQ,2024-03-12,409.4,406.5,406.5,399.35,401.9,404.45,402.12,34882639,14027170213.1,441602,18612162.0,53.36
ITC,EQ,2024-03-13,404.45,435.0,438.0,421.15,422.0,422.45,427.85,101612428,43475181936.05,693592,36479112.0,35.9
ITC,EQ,2024-03-14,422.45,421.95,425.5,418.0,419.0,419.65,421.67,30764728,12972646952.8,292934,13551653.0,44.05
ITC,EQ,2024-03-15,419.65,417.2,428.55,415.25,417.0,419.1,422.93,73253754,30981269366.2,615356,53479171.0,73.01
ITC,EQ,2024-03-18,419.1,419.0,420.7,416.9,417.6,417.45,418.4,15933704,6666733164.2,241095,11863495.0,74.46
ITC,EQ,2024-03-19,417.45,418.0,419.55,408.7,409.75,409.55,411.54,20994563,8640107667.75,256940,15871475.0,75.6
ITC,EQ,2024-03-20,409.55,410.0,416.65,409.55,416.0,415.7,412.87,19609321,8096010062.95,200442,14306680.0,72.96
ITC,EQ,2024-03-21,415.7,419.0,422.0,416.2,421.25,421.25,419.96,19227982,8074986841.45,265798,11205902.0,58.28
ITC,EQ,2024-03-22,421.25,421.25,429.65,421.25,428.3,428.6,427.27,38861818,16604649595.7,285729,26750823.0,68.84
ITC,EQ,2024-03-26,428.6,425.55,429.2,425.55,428.0,427.65,427.57,10274145,4392964487.05,127865,5987450.0,58.28
ITC,EQ,2024-03-27,427.65,427.0,428.9,426.45,428.4,428.0,427.94,12227545,5232702625.55,148670,8836527.0,72.27
ITC,EQ,2024-03-28,428.0,428.0,433.25,427.0,429.0,428.35,429.66,27933211,12001838115.5,200930,10761183.0,38.52
ITC,EQ,2024-04-01,428.35,429.1,431.35,425.75,427.6,426.7,427.8,9382308,4013782933.55,118264,5850987.0,62.36
ITC,EQ,2024-04-02,426.7,428.7,428.7,424.6,425.5,425.85,425.87,8853678,3770520504.55,123768,5843531.0,66.0
ITC,EQ,2024-04-03,425.85,426.0,428.8,421.0,425.5,425.2,424.61,12664520,5377467608.15,160696,7188771.0,56.76
ITC,EQ,2024-04-04,425.2,425.55,427.35,419.9,423.1,422.75,423.26,18358410,7770465539.95,303184,7619786.0,41.51
ITC,EQ,2024-04-05,422.75,422.5,431.7,419.95,427.5,427.55,427.69,16147032,6905982420.4,157872,9408424.0,58.27
ITC,EQ,2024-04-08,427.55,428.3,431.4,427.75,428.9,429.1,429.51,8516632,3658010051.95,150775,5351477.0,62.84
ITC,EQ,2024-04-09,429.1,430.45,431.5,425.55,426.6,426.35,428.43,6708894,2874287671.1,90615,3960066.0,59.03
ITC,EQ,2024-04-10,426.35,428.3,437.8,425.75,436.0,436.95,433.0,14008124,6065476490.2,176163,7659205.0,54.68
ITC,EQ,2024-04-12,436.95,435.0,435.75,428.3,430.5,430.1,431.16,18088372,7799028304.5,289969,7835618.0,43.32
ITC,EQ,2024-04-15,430.1,428.0,429.15,422.9,425.6,425.9,426.01,8746243,3725990666.8,164057,4579022.0,52.35
ITC,EQ,2024-04-16,425.9,423.25,427.0,423.2,426.45,425.9,425.24,9973638,4241146046.55,122310,6665706.0,66.83
ITC,EQ,2024-04-18,425.9,426.0,426.9,417.65,419.75,418.85,421.58,21312388,8984844459.55,204523,10918231.0,51.23
ITC,EQ,2024-04-19,418.85,418.0,426.25,416.0,424.0,424.75,423.64,16582634,7025082961.8,204429,7582651.0,45.73
ITC,EQ,2024-04-22,424.75,427.0,427.6,423.35,425.8,425.3,424.75,7112139,3020860842.3,124105,4721465.0,66.39
ITC,EQ,2024-04-23,425.3,425.3,430.5,425.1,428.7,429.2,428.84,12021404,5155232246.0,194302,7291868.0,60.66
ITC,EQ,2024-04-24,429.2,429.25,430.8,428.3,429.4,428.9,429.73,5845170,2511818372.5,96245,3470174.0,59.37
ITC,EQ,2024-04-25,428.9,431.0,438.3,429.0,437.8,437.55,434.52,29211997,12693203504.0,270594,15252996.0,52.21
ITC,EQ,2024-04-26,437.55,439.25,443.3,436.4,440.0,440.0,439.66,14773975,6495567398.2,202318,6781487.0,45.9
ITC,EQ,2024-04-29,440.0,442.0,442.45,434.6,438.0,438.2,437.73,11627882,5089915581.05,189919,7279063.0,62.6
ITC,EQ,2024-04-30,438.2,439.95,440.5,435.1,435.35,435.65,438.57,12064043,5290943493.35,131063,8485252.0,70.34
ITC,EQ,2024-05-02,435.65,436.0,442.6,434.85,439.45,439.0,439.02,23228909,10197960968.55,413344,10857217.0,46.74
ITC,EQ,2024-05-03,439.0,440.05,440.05,431.35,436.0,436.45,435.75,22904276,9980473814.9,301064,11422808.0,49.87
ITC,EQ,2024-05-06,436.45,438.0,440.45,433.35,434.95,434.75,435.73,10355056,4511999548.95,183306,6668630.0,64.4
ITC,EQ,2024-05-07,434.75,436.9,446.0,435.2,441.0,440.35,442.16,25968921,11482444468.75,256621,12555610.0,48.35
ITC,EQ,2024-05-08,440.35,441.25,444.7,438.2,441.0,441.0,441.33,10511646,4639119798.5,140409,5832261.0,55.48
ITC,EQ,2024-05-09,441.0,440.05,441.5,423.35,427.1,425.1,429.3,23412609,10050940808.25,326895,15005961.0,64.09
ITC,EQ,2024-05-10,425.1,426.5,436.35,426.5,433.85,433.35,433.2,13985963,6058706127.2,186451,5864119.0,41.93
ITC,EQ,2024-05-13,433.35,433.25,435.45,429.5,431.65,431.85,431.83,7302959,3153650963.45,152030,4216619.0,57.74
ITC,EQ,2024-05-14,431.85,430.5,433.3,428.55,429.6,429.7,430.33,11000103,4733693443.0,172146,7885152.0,71.68
ITC,EQ,2024-05-15,429.7,430.75,433.25,426.75,428.25,427.8,429.4,7565080,3248456112.7,144013,4139221.0,54.71
ITC,EQ,2024-05-16,427.8,430.0,432.6,422.9,432.6,431.45,427.89,23025186,9852275161.55,286099,10918850.0,47.42
ITC,EQ,2024-05-17,431.45,432.4,437.5,428.9,435.45,436.3,434.11,11453714,4972208347.45,133480,5187156.0,45.29
ITC,EQ,2024-05-18,436.3,437.0,437.65,435.2,436.7,436.65,436.64,713859,311700280.95,12556,440951.0,61.77
ITC,EQ,2024-05-21,436.65,436.0,437.1,433.2,434.9,434.8,434.73,10760726,4677983191.9,215268,7688107.0,71.45
ITC,EQ,2024-05-22,434.8,437.35,441.95,435.4,440.0,439.9,439.62,10627595,4672123744.9,154238,5998493.0,56.44
ITC,EQ,2024-05-23,439.9,441.4,444.9,436.55,440.2,441.35,440.71,26234369,11561761258.55,221301,8259141.0,31.48
ITC,EQ,2024-05-24,441.35,441.0,442.45,435.3,436.55,436.2,437.48,12761457,5582917652.9,208684,6759409.0,52.97
ITC,EQ,2024-05-27,436.2,438.8,438.9,430.7,432.25,431.5,435.39,11827050,5149344563.2,201549,8280980.0,70.02
ITC,EQ,2024-05-28,431.5,432.1,432.5,428.25,428.8,429.0,429.82,9310198,4001709938.25,123935,6151658.0,66.07
ITC,EQ,2024-05-29,429.0,425.5,432.4,425.5,431.0,430.95,429.94,10430363,4484393165.0,142521,6450201.0,61.84
ITC,EQ,2024-05-30,430.95,428.5,430.95,422.35,424.85,423.85,424.72,20524428,8717237385.8,249826,13185367.0,64.24
ITC,EQ,2024-05-31,423.85,426.75,429.55,424.25,427.0,426.45,426.87,28214102,12043835725.35,245961,17470452.0,61.92
ITC,EQ,2024-06-03,426.45,434.0,434.9,428.65,431.4,430.35,430.65,15519148,6683396998.4,210108,10120207.0,65.21
ITC,EQ,2024-06-04,430.35,426.0,426.3,402.85,419.85,415.2,415.2,46019632,19107485527.25,580366,27825848.0,60.47
ITC,EQ,2024-06-05,415.2,422.0,436.0,418.05,430.7,430.3,429.14,27151351,11651663641.95,309406,14855054.0,54.71
ITC,EQ,2024-06-06,430.3,436.0,437.7,431.1,436.4,435.4,434.33,31119999,13516400453.8,290637,12772900.0,41.04
ITC,EQ,2024-06-07,435.4,431.4,441.65,431.1,438.5,439.15,437.54,28448041,12447097826.4,348935,15040647.0,52.87
ITC,EQ,2024-06-10,439.15,440.0,441.0,435.85,436.55,436.9,437.72,11432393,5004199602.85,260404,8212068.0,71.83
ITC,EQ,2024-06-11,436.9,437.0,437.8,432.25,432.75,433.0,434.79,12670589,5509008149.3,187213,9034060.0,71.3
ITC,EQ,2024-06-12,433.0,430.55,434.4,430.2,432.6,432.3,432.33,10352936,4475896381.25,163844,5811025.0,56.13
ITC,EQ,2024-06-13,432.3,436.9,436.9,429.75,430.35,430.3,431.79,9283802,4008627163.35,146737,5923993.0,63.81
ITC,EQ,2024-06-14,430.3,431.0,431.9,429.05,431.4,431.15,430.49,9217804,3968132276.85,170717,5264710.0,57.11
ITC,EQ,2024-06-18,431.15,433.0,434.2,428.2,429.0,428.75,430.67,14098178,6071715080.55,206941,10503511.0,74.5
ITC,EQ,2024-06-19,428.75,430.0,430.75,423.05,423.4,423.65,425.66,10909803,4643829424.6,177112,7539540.0,69.11
ITC,EQ,2024-06-20,423.65,424.05,426.5,421.5,423.85,423.3,423.74,14585806,6180605569.5,203212,7744806.0,53.1
ITC,EQ,2024-06-21,423.3,425.0,425.3,418.55,419.7,419.6,420.65,25205627,10602824293.85,295452,11443594.0,45.4
ITC,EQ,2024-06-24,419.6,420.0,423.95,420.0,423.65,423.3,422.63,9362433,3956853315.35,117502,5089583.0,54.36
ITC,EQ,2024-06-25,423.3,423.0,424.0,419.75,423.25,423.3,422.19,10260449,4331894414.05,138835,6272555.0,61.13
ITC,EQ,2024-06-26,423.3,423.0,426.4,422.05,423.5,423.95,424.28,11084805,4703058612.05,109504,7408404.0,66.83
ITC,EQ,2024-06-27,423.95,423.95,427.25,421.1,425.6,425.6,424.56,37012589,15714038249.45,251890,23772391.0,64.23
ITC,EQ,2024-06-28,425.6,425.5,428.0,423.5,425.0,424.9,425.74,17866326,7606338079.45,173097,10848104.0,60.72
ITC,EQ,2024-07-01,424.9,426.3,430.25,424.65,428.5,429.05,427.61,12894747,5513976701.35,132870,8136717.0,63.1
ITC,EQ,2024-07-02,429.05,430.0,430.65,422.55,425.75,425.5,426.86,10763335,4594402665.6,174096,6460520.0,60.02
ITC,EQ,2024-07-03,425.5,426.1,429.65,425.5,428.5,428.3,427.88,7159756,3063503681.75,116001,4500953.0,62.86
ITC,EQ,2024-07-04,428.3,430.0,431.5,427.05,429.25,429.05,429.39,9127340,3919190556.65,125047,5139172.0,56.31
ITC,EQ,2024-07-05,429.05,429.0,434.0,427.6,433.5,433.65,431.98,12929586,5585359681.4,151709,7073600.0,54.71
ITC,EQ,2024-07-08,433.65,435.15,444.55,433.65,443.8,443.6,439.76,20521107,9024461950.65,194693,12387881.0,60.37
ITC,EQ,2024-07-09,443.6,447.6,455.0,444.0,451.5,452.6,450.54,26470260,11925976364.8,240760,14555965.0,54.99
ITC,EQ,2024-07-10,452.6,453.7,455.35,446.5,450.3,451.45,450.95,11618210,5239257713.55,155469,6587294.0,56.7
ITC,EQ,2024-07-11,451.45,450.0,459.5,448.7,458.6,458.65,456.02,18831345,8587437642.7,283781,9916748.0,52.66
ITC,EQ,2024-07-12,458.65,458.65,463.25,455.85,459.05,459.05,458.95,18962800,8703017234.7,215367,9674939.0,51.02
ITC,EQ,2024-07-15,459.05,459.05,466.45,457.2,462.05,463.4,462.88,16251032,7522328040.6,154358,10632624.0,65.43
ITC,EQ,2024-07-16,463.4,463.45,466.75,461.4,465.7,465.55,464.53,12996711,6037370502.75,137391,7734725.0,59.51
ITC,EQ,2024-07-18,465.55,463.0,470.9,462.65,470.5,470.25,467.91,21094737,9870374413.5,196712,12360660.0,58.6
ITC,EQ,2024-07-19,470.25,471.0,479.4,469.4,473.15,474.55,474.65,24977373,11855389560.85,268257,13376162.0,53.55
ITC,EQ,2024-07-22,474.55,474.6,479.45,465.85,466.3,466.55,470.1,18066586,8493064235.35,232860,10812745.0,59.85
ITC,EQ,2024-07-23,466.55,466.55,497.4,466.4,496.95,492.2,483.29,54044423,26118922052.35,499337,24918734.0,46.11
ITC,EQ,2024-07-24,492.2,496.0,510.65,490.65,494.0,494.05,500.33,42073323,21050681452.4,400376,18018957.0,42.83
ITC,EQ,2024-07-25,494.05,490.0,496.0,484.65,490.2,489.95,490.32,17878994,8766383593.6,227325,9577960.0,53.57
ITC,EQ,2024-07-26,489.95,494.05,506.4,487.4,501.55,502.2,498.22,20736094,10331062809.7,204107,9542952.0,46.02
ITC,EQ,2024-07-29,502.2,505.5,506.2,494.05,496.25,496.05,498.4,12496895,6228464277.8,159533,7059351.0,56.49
ITC,EQ,2024-07-30,496.05,496.3,497.8,488.65,490.5,489.9,491.81,13375906,6578425923.0,171911,8708732.0,65.11
ITC,EQ,2024-07-31,489.9,492.45,497.95,490.5,495.5,495.35,494.03,11538215,5700270817.4,184885,5959946.0,51.65
ITC,EQ,2024-08-01,495.35,495.95,496.75,490.95,493.05,493.7,493.72,11665529,5759553105.75,167982,6251851.0,53.59
ITC,EQ,2024-08-02,493.7,484.8,499.45,484.8,488.85,489.1,491.08,21320064,10469940924.65,253754,6713121.0,31.49
ITC,EQ,2024-08-05,489.1,480.05,491.9,479.55,485.9,486.0,485.81,24094139,11705282411.05,240878,15735760.0,65.31
ITC,EQ,2024-08-06,486.0,486.25,491.7,484.05,487.8,486.3,487.52,13722855,6690115892.1,165576,8617469.0,62.8
ITC,EQ,2024-08-07,486.3,490.0,495.6,488.1,492.75,492.65,491.96,10900585,5362650358.25,173490,5873071.0,53.88
ITC,EQ,2024-08-08,492.65,494.0,498.0,492.5,494.15,494.75,494.99,20558134,10175999936.05,250724,12748162.0,62.01
ITC,EQ,2024-08-09,494.75,498.0,498.0,493.1,496.15,495.9,495.38,9201793,4558387017.25,144367,6117841.0,66.49
ITC,EQ,2024-08-12,495.9,492.0,500.0,492.0,494.4,494.6,497.04,9076097,4511189537.95,133143,5201031.0,57.3
ITC,EQ,2024-08-13,494.6,495.95,497.85,488.25,491.5,490.0,493.29,7757706,3826762550.05,119952,4211351.0,54.29
ITC,EQ,2024-08-14,490.0,491.95,499.0,489.9,492.55,492.2,494.04,9253598,4571625348.0,150643,4801558.0,51.89
ITC,EQ,2024-08-16,492.2,494.5,504.2,492.65,502.05,502.65,498.53,13137392,6549443406.85,164043,6968553.0,53.04
ITC,EQ,2024-08-19,502.65,504.75,509.3,499.6,499.95,501.45,504.39,10198725,5144120039.1,166648,5776498.0,56.64
ITC,EQ,2024-08-20,501.45,501.0,503.4,497.7,498.5,498.8,499.95,6633171,3316278832.0,115083,3802591.0,57.33
ITC,EQ,2024-08-21,498.8,500.0,509.0,499.05,505.8,505.4,505.03,8474830,4280048280.45,121930,3960062.0,46.73
ITC,EQ,2024-08-22,505.4,507.85,508.5,501.45,505.05,504.55,504.67,8364290,4221224253.25,145029,3979420.0,47.58
ITC,EQ,2024-08-23,504.55,505.05,506.95,499.95,505.4,505.8,504.2,7891446,3978880053.35,108800,4404667.0,55.82
ITC,EQ,2024-08-26,505.8,506.0,508.0,502.0,505.7,505.7,505.93,7825037,3958900282.55,148265,4416578.0,56.44
ITC,EQ,2024-08-27,505.7,507.55,507.6,500.0,500.4,500.6,502.17,7954114,3994335939.6,123723,4939849.0,62.1
ITC,EQ,2024-08-28,500.6,500.4,502.3,496.5,500.15,497.3,498.8,7782216,3881794042.2,128939,4509402.0,57.94
ITC,EQ,2024-08-29,497.3,498.0,507.7,497.35,505.0,505.1,503.72,18670632,9404844586.2,203893,9291579.0,49.77
ITC,EQ,2024-08-30,505.1,501.95,509.15,500.2,504.0,501.9,502.57,14947670,7512253452.8,149051,8432674.0,56.41
ITC,EQ,2024-09-02,501.9,504.0,512.9,503.3,509.85,510.05,509.98,15885469,8101252606.15,215525,7674892.0,48.31
ITC,EQ,2024-09-03,510.05,510.05,515.95,507.9,508.6,509.4,512.57,12018677,6160357721.9,186272,5505501.0,45.81
ITC,EQ,2024-09-04,509.4,500.0,510.05,499.95,507.45,506.35,506.14,8414967,4259122977.75,144592,5168191.0,61.42
ITC,EQ,2024-09-05,506.35,508.35,511.9,507.05,511.25,511.2,510.32,10898888,5561902271.3,137332,7084173.0,65.0
ITC,EQ,2024-09-06,511.2,512.0,512.0,497.15,502.45,501.7,502.2,13716752,6888530757.3,226806,7150955.0,52.13
ITC,EQ,2024-09-09,501.7,502.0,512.65,500.35,511.5,511.75,509.47,13736044,6998044346.5,191706,8206080.0,59.74
ITC,EQ,2024-09-10,511.75,511.9,515.0,508.75,512.9,513.6,512.86,10911995,5596326541.2,173370,7163535.0,65.65
ITC,EQ,2024-09-11,513.6,513.0,519.5,511.95,513.1,514.35,516.48,14922832,7707278241.5,258825,8686733.0,58.21
ITC,EQ,2024-09-12,514.35,515.1,520.5,508.55,518.05,519.5,515.6,18377550,9475461095.9,208255,9331674.0,50.78
ITC,EQ,2024-09-13,519.5,519.5,520.0,512.0,513.65,513.85,513.81,8825193,4534484027.05,139096,4613000.0,52.27
ITC,EQ,2024-09-16,513.85,515.9,517.0,509.7,509.95,511.1,513.15,7531604,3864831357.3,80552,5041075.0,66.93
ITC,EQ,2024-09-17,511.1,511.05,513.55,506.25,508.25,507.75,508.55,10486015,5332681431.45,113046,7052257.0,67.25
ITC,EQ,2024-09-18,507.75,507.85,512.4,505.1,506.75,507.35,509.15,5429619,2764506352.1,98908,2361842.0,43.5
ITC,EQ,2024-09-19,507.35,510.0,514.8,507.5,508.6,508.25,510.59,13925311,7110066899.1,226927,7111636.0,51.07
ITC,EQ,2024-09-20,508.25,512.0,517.35,508.0,514.15,514.4,513.97,23808194,12236758568.15,231527,10642170.0,44.7
ITC,EQ,2024-09-23,514.4,515.45,519.45,513.6,516.75,516.95,516.88,7804918,4034241784.0,130984,4667236.0,59.8
ITC,EQ,2024-09-24,516.95,517.0,517.8,514.15,515.5,515.25,515.47,6755320,3482195547.4,121014,4651571.0,68.86
ITC,EQ,2024-09-25,515.25,515.5,519.3,512.3,517.65,517.55,515.67,8476223,4370974903.2,155236,5490817.0,64.78
ITC,EQ,2024-09-26,517.55,517.65,523.75,517.0,522.25,522.75,521.19,15489991,8073186016.75,203237,8326701.0,53.76
ITC,EQ,2024-09-27,522.75,520.25,528.5,520.25,521.7,522.7,524.14,17251962,9042361720.15,169240,11668997.0,67.64
ITC,EQ,2024-09-30,522.7,520.6,524.35,514.05,518.25,518.15,518.56,10531347,5461148445.1,163844,7291394.0,69.24
ITC,EQ,2024-10-01,518.15,518.15,519.75,514.0,516.5,516.2,515.9,5089315,2625580578.35,109488,3179330.0,62.47
ITC,EQ,2024-10-03,516.2,508.55,515.7,508.1,511.75,512.75,512.47,15870147,8132938477.9,227553,10203546.0,64.29
ITC,EQ,2024-10-04,512.75,510.0,517.35,501.55,504.75,503.55,509.93,18228912,9295409035.5,292636,7425823.0,40.74
ITC,EQ,2024-10-07,503.55,507.0,514.95,506.75,510.0,510.2,511.03,16479772,8421688874.45,216682,7725735.0,46.88
ITC,EQ,2024-10-08,510.2,510.0,512.55,506.0,508.5,507.95,508.84,9502367,4835222369.05,140127,5630193.0,59.25
ITC,EQ,2024-10-09,507.95,509.8,509.8,490.55,492.5,491.7,499.12,23952459,11955185952.75,278280,14972422.0,62.51
ITC,EQ,2024-10-10,491.7,495.35,495.65,489.45,493.0,492.05,492.72,12799333,6306480747.25,199193,6792403.0,53.07
ITC,EQ,2024-10-11,492.05,493.0,493.95,487.4,488.95,488.2,489.06,14394986,7039978268.9,158339,9406797.0,65.35
ITC,EQ,2024-10-14,488.2,491.0,499.0,488.65,496.75,496.95,495.16,6712103,3323590493.55,128200,3510780.0,52.31
ITC,EQ,2024-10-15,496.95,498.0,499.4,494.5,498.0,498.55,497.33,8037662,3997396320.95,118170,5703322.0,70.96
ITC,EQ,2024-10-16,498.55,496.0,498.85,492.35,493.1,493.2,495.3,6682083,3309653123.2,117691,3854424.0,57.68
ITC,EQ,2024-10-17,493.2,495.0,495.0,488.0,489.0,488.9,490.71,7385299,3624029088.45,106788,4096098.0,55.46
ITC,EQ,2024-10-18,488.9,488.75,491.55,478.4,486.15,486.7,482.63,21778099,10510819521.05,189101,14481644.0,66.5
ITC,EQ,2024-10-21,486.7,486.7,487.6,477.35,483.1,483.65,483.4,7395274,3574875531.85,135775,4129781.0,55.84
ITC,EQ,2024-10-22,483.65,483.65,488.4,480.8,482.5,481.8,483.8,12299288,5950454269.8,194079,8627959.0,70.15
ITC,EQ,2024-10-23,481.8,481.0,483.3,479.5,480.7,480.35,480.88,10162570,4887014877.45,130143,6793788.0,66.85
ITC,EQ,2024-10-24,480.35,482.0,482.4,470.0,470.7,471.7,474.32,13092399,6209965225.2,240152,8381883.0,64.02
ITC,EQ,2024-10-25,471.7,475.8,493.5,474.2,482.25,482.3,486.29,30961625,15056261874.0,379810,11584087.0,37.41
ITC,EQ,2024-10-28,482.3,481.95,485.9,476.0,484.0,484.15,482.79,8614446,4158985648.85,113970,4484756.0,52.06
ITC,EQ,2024-10-29,484.15,485.0,489.2,481.3,488.0,487.95,486.12,6866704,3338033179.65,111564,3884092.0,56.56
ITC,EQ,2024-10-30,487.95,487.95,493.25,486.5,491.8,491.55,490.85,6393835,3138398995.85,92835,3989218.0,62.39
ITC,EQ,2024-10-31,491.55,492.0,493.0,484.7,489.25,488.8,487.8,7810874,3810127063.4,161609,4680175.0,59.92
ITC,EQ,2024-11-01,488.8,491.0,492.1,489.3,489.95,490.3,490.89,1461602,717491831.9,54687,781794.0,53.49
ITC,EQ,2024-11-04,490.3,493.45,493.45,479.55,485.25,484.6,483.55,8429731,4076159422.9,170904,4997006.0,59.28
ITC,EQ,2024-11-05,484.6,482.95,485.05,476.95,480.95,480.2,479.98,7327830,3517242119.05,150450,4125133.0,56.29
ITC,EQ,2024-11-06,480.2,480.2,484.4,478.0,481.95,481.1,480.83,11313985,5440109205.55,140673,7242449.0,64.01
ITC,EQ,2024-11-07,481.1,481.75,482.7,476.1,478.0,477.9,477.82,8924280,4264165090.2,132407,5393508.0,60.44
ITC,EQ,2024-11-08,477.9,477.9,480.7,474.6,478.8,478.05,477.78,6090462,2909920473.35,105996,3454982.0,56.73
ITC,EQ,2024-11-11,478.05,478.05,481.5,474.1,477.3,476.95,478.38,5488948,2625814462.7,123605,3300121.0,60.12
ITC,EQ,2024-11-12,476.95,477.6,477.95,471.15,471.9,472.85,474.91,5041916,2394432824.5,129476,3295131.0,65.35
ITC,EQ,2024-11-13,472.85,470.05,474.7,468.25,472.0,472.2,471.96,11120381,5248410369.0,188101,7521950.0,67.64
ITC,EQ,2024-11-14,472.2,471.2,472.95,462.25,467.0,465.95,465.91,11639562,5422931558.7,230824,6082557.0,52.26
ITC,EQ,2024-11-18,465.95,466.0,467.8,462.0,467.4,466.55,464.79,8135260,3781191097.2,183896,4699705.0,57.77
ITC,EQ,2024-11-19,466.55,468.0,473.75,466.25,466.6,467.35,471.03,6857374,3230038399.65,111105,4478830.0,65.31
ITC,EQ,2024-11-21,467.35,461.0,464.05,455.4,457.0,457.15,458.53,19559847,8968797499.25,236495,12726681.0,65.07
ITC,EQ,2024-11-22,457.15,456.2,476.5,455.5,474.0,474.65,465.47,19464568,9060224659.45,178132,11168893.0,57.38
ITC,EQ,2024-11-25,474.65,479.0,482.2,472.4,478.15,476.8,476.97,13891991,6626051098.65,137597,8194335.0,58.99
ITC,EQ,2024-11-26,476.8,480.0,482.65,474.1,477.0,477.0,476.76,6539846,3117927466.8,124209,3360474.0,51.38
ITC,EQ,2024-11-27,477.0,477.5,480.1,473.0,476.95,476.95,475.67,7067013,3361555101.9,92526,3797294.0,53.73
ITC,EQ,2024-11-28,476.95,477.0,483.8,470.55,475.55,474.9,476.02,14412539,6860590338.25,197328,6609296.0,45.86
ITC,EQ,2024-11-29,474.9,473.2,478.9,472.6,477.0,476.75,476.39,8346687,3976306074.1,126718,4778661.0,57.25
ITC,EQ,2024-12-02,476.75,476.0,479.3,473.4,477.4,477.2,476.84,5478598,2612398108.2,105775,3274668.0,59.77
ITC,EQ,2024-12-03,477.2,466.0,473.4,462.75,472.55,472.55,469.06,22218251,10421681081.05,289294,11468158.0,51.62
ITC,EQ,2024-12-04,472.55,474.4,478.2,466.4,467.2,467.1,470.88,13439484,6328346244.15,184751,8399289.0,62.5
ITC,EQ,2024-12-05,467.1,467.55,472.75,462.5,467.7,467.5,468.0,26415053,12362222644.55,280989,14712940.0,55.7
ITC,EQ,2024-12-06,467.5,470.0,474.95,467.7,471.95,471.15,472.38,7551407,3567134560.35,118458,3279177.0,43.42
ITC,EQ,2024-12-09,471.15,471.5,472.0,462.95,465.2,464.95,467.02,11703384,5465695132.7,160632,7332585.0,62.65
ITC,EQ,2024-12-10,464.95,465.35,466.45,462.6,465.35,465.45,464.64,8823805,4099916466.3,137180,5803821.0,65.77
ITC,EQ,2024-12-11,465.45,467.2,468.2,464.7,465.25,465.25,466.13,6745816,3144431682.05,108407,3633100.0,53.86
ITC,EQ,2024-12-12,465.25,465.5,467.9,459.15,460.85,460.6,462.32,12884401,5956725495.6,165742,6964126.0,54.05
ITC,EQ,2024-12-13,460.6,460.0,474.4,451.65,471.0,470.0,464.46,31753858,14748433018.55,249426,17512410.0,55.15
ITC,EQ,2024-12-16,470.0,470.25,474.4,468.0,470.0,470.1,470.12,9007264,4234493701.85,153567,4781612.0,53.09
ITC,EQ,2024-12-17,470.1,470.0,475.8,463.05,470.7,469.55,470.32,19844152,9333064294.3,235005,8672882.0,43.7
ITC,EQ,2024-12-18,469.55,472.7,473.8,466.9,471.25,470.5,470.47,12365167,5817485040.3,171373,6317433.0,51.09
ITC,EQ,2024-12-19,470.5,469.0,474.35,465.3,466.0,466.55,468.63,14599270,6841613826.05,208360,8470164.0,58.02
ITC,EQ,2024-12-20,466.55,466.5,467.45,459.3,465.65,464.65,463.94,19481288,9038176739.25,241995,10233036.0,52.53
ITC,EQ,2024-12-23,464.65,471.2,477.7,467.6,474.5,474.25,473.08,18837469,8911659177.3,240219,11723502.0,62.24
ITC,EQ,2024-12-24,474.25,474.9,480.25,472.65,478.25,478.45,478.09,11564497,5528895414.85,172646,7549163.0,65.28
ITC,EQ,2024-12-26,478.45,480.55,481.85,476.0,477.0,476.95,478.43,8848065,4233160326.9,148089,5018964.0,56.72
ITC,EQ,2024-12-27,476.95,479.75,481.9,476.0,479.7,478.6,479.17,16279450,7800652449.55,166926,10011016.0,61.49
ITC,EQ,2024-12-30,478.6,480.75,481.45,476.0,476.8,477.0,478.45,13074810,6255656373.25,158954,9883713.0,75.59
ITC,EQ,2024-12-31,477.0,478.45,484.65,474.55,484.45,483.65,479.83,13276195,6370264307.2,152025,9157073.0,68.97
ITC,EQ,2025-01-01,483.65,486.0,486.85,482.15,484.7,483.95,484.93,18229128,8839930024.4,164587,13209445.0,72.46
ITC,EQ,2025-01-02,483.95,485.35,490.0,482.3,489.5,489.05,486.22,26124980,12702491020.45,224779,21381955.0,81.84
ITC,EQ,2025-01-03,489.05,490.25,491.0,479.85,483.95,481.6,482.67,37072992,17893961935.85,227193,25389838.0,68.49
ITC,EQ,2025-01-06,481.6,455.6,461.75,441.25,445.35,442.65,450.15,22009958,9907771203.05,286532,13211468.0,60.02
ITC,EQ,2025-01-07,442.65,445.5,447.6,440.15,441.1,441.1,442.97,14294780,6332098307.3,180441,9600674.0,67.16
ITC,EQ,2025-01-08,441.1,443.0,452.05,437.1,449.65,449.55,444.83,13482926,5997660207.25,163390,7423150.0,55.06
ITC,EQ,2025-01-09,449.55,449.4,460.65,446.05,450.45,450.1,452.64,19732649,8931846709.45,214398,12020193.0,60.92
ITC,EQ,2025-01-10,450.1,449.95,452.0,442.5,443.85,444.9,445.59,9145729,4075202264.9,169176,5811680.0,63.55
ITC,EQ,2025-01-13,444.9,435.0,444.0,435.0,439.0,439.05,440.27,17799607,7836665097.95,172276,12849941.0,72.19
ITC,EQ,2025-01-14,439.05,441.0,441.5,435.85,436.95,436.6,438.04,18048459,7905915833.35,233131,11503124.0,63.73
ITC,EQ,2025-01-15,436.6,436.6,441.8,435.35,437.0,437.35,437.99,9786805,4286512512.75,123376,6253307.0,63.9
ITC,EQ,2025-01-16,437.35,438.05,439.45,431.1,432.9,432.85,432.62,15774070,6824178083.4,197000,9776135.0,61.98
ITC,EQ,2025-01-17,432.85,433.0,441.8,432.5,439.65,440.2,438.78,11270061,4945104351.05,119845,7348281.0,65.2
ITC,EQ,2025-01-20,440.2,439.0,441.2,436.0,437.45,437.7,437.61,8742771,3825927431.85,152896,6268998.0,71.7
ITC,EQ,2025-01-21,437.7,438.0,447.0,435.25,437.95,437.55,440.22,15686500,6905471880.05,216692,5853952.0,37.32
ITC,EQ,2025-01-22,437.55,439.9,441.95,436.55,436.75,437.0,438.79,9619648,4220997156.1,133708,5567099.0,57.87
ITC,EQ,2025-01-23,437.0,435.0,441.85,434.1,440.45,440.2,439.59,8888248,3907165756.85,131321,4753594.0,53.48
ITC,EQ,2025-01-24,440.2,439.4,445.0,439.05,441.4,441.6,442.53,9665384,4277228029.7,141694,6070113.0,62.8
ITC,EQ,2025-01-27,441.6,440.8,445.0,436.55,439.9,440.1,440.42,10480203,4615646516.45,155397,6286459.0,59.98
ITC,EQ,2025-01-28,440.1,440.0,441.8,434.5,434.65,435.45,437.14,20813072,9098282699.2,174411,12557031.0,60.33
ITC,EQ,2025-01-29,435.45,435.95,437.5,430.1,433.25,433.35,433.19,15158510,6566456115.0,270156,9959829.0,65.7
ITC,EQ,2025-01-30,433.35,433.0,438.0,431.45,436.0,436.2,434.97,22496695,9785477722.4,206602,15495715.0,68.88
ITC,EQ,2025-01-31,436.2,436.5,448.2,435.1,447.7,447.5,443.74,13546181,6011029618.05,292498,9567680.0,70.63
ITC,EQ,2025-02-01,447.5,448.0,471.5,439.55,461.55,462.55,459.22,30393007,13957038228.1,308264,12737210.0,41.91
ITC,EQ,2025-02-03,462.55,462.0,465.2,452.3,453.5,454.35,457.77,16991730,7778230238.5,278444,9627342.0,56.66
ITC,EQ,2025-02-04,454.35,458.0,460.35,448.75,454.3,455.15,454.39,18923681,8598691176.9,219082,10806930.0,57.11
ITC,EQ,2025-02-05,455.15,455.15,455.85,446.5,448.5,448.15,450.02,12836283,5776523794.2,155466,8254209.0,64.3
ITC,EQ,2025-02-06,448.15,450.0,450.0,438.2,442.75,441.1,441.65,17469129,7715280524.95,164798,10073598.0,57.67
ITC,EQ,2025-02-07,441.1,440.0,445.5,428.4,430.1,430.85,432.24,18875982,8158860785.3,212183,11101522.0,58.81
ITC,EQ,2025-02-10,430.85,427.0,433.3,426.5,427.7,427.2,428.76,12227140,5242493795.8,156939,8194600.0,67.02
ITC,EQ,2025-02-11,427.2,428.8,430.55,417.5,418.05,418.3,421.57,14288751,6023750310.8,187384,8733094.0,61.12
ITC,EQ,2025-02-12,418.3,413.15,413.8,407.6,411.2,409.9,410.36,13884574,5697674234.65,207478,7671814.0,55.25
ITC,EQ,2025-02-13,409.9,409.95,413.95,409.0,410.0,409.7,411.14,12989029,5340310573.9,185598,8540154.0,65.75
ITC,EQ,2025-02-14,409.7,411.75,416.2,408.4,410.0,410.25,411.41,14124236,5810870731.0,199616,7652472.0,54.18
ITC,EQ,2025-02-17,410.25,409.8,411.4,406.75,408.6,408.6,408.96,11975265,4897417889.1,285419,7852631.0,65.57
ITC,EQ,2025-02-18,408.6,408.0,410.85,404.0,404.9,405.25,406.53,12998403,5284237636.8,208753,9652056.0,74.26
ITC,EQ,2025-02-19,405.25,404.8,408.8,404.5,406.2,406.4,406.89,7079032,2880411815.9,88693,4359885.0,61.59
ITC,EQ,2025-02-20,406.4,399.95,403.9,396.2,402.0,402.05,401.31,15355585,6162379397.35,226856,8937485.0,58.2
ITC,EQ,2025-02-21,402.05,402.05,403.25,399.2,400.7,400.9,400.75,8240986,3302544309.75,175217,5015724.0,60.86
ITC,EQ,2025-02-24,400.9,400.0,403.4,398.75,402.0,401.9,401.96,7037625,2828832996.75,121155,4155102.0,59.04
ITC,EQ,2025-02-25,401.9,402.0,407.0,400.5,404.0,404.85,404.11,15760891,6369071142.95,138641,10991293.0,69.74
ITC,EQ,2025-02-27,404.85,404.85,406.5,399.5,401.5,401.6,401.75,19051003,7653697871.25,163369,15111793.0,79.32
ITC,EQ,2025-02-28,401.6,399.0,402.5,392.2,395.9,395.0,394.79,31954776,12615432840.9,244503,24184137.0,75.68
ITC,BL,2025-02-28,481.6,401.6,401.6,401.6,401.6,401.6,401.6,2655000,1066248000.0,1,,
ITC,EQ,2025-03-03,395.0,395.95,399.0,391.2,397.0,397.45,396.98,10702826,4248773535.65,169634,6993828.0,65.35
ITC,EQ,2025-03-04,397.45,395.4,397.2,392.85,394.45,394.85,394.38,13404774,5286594132.8,154199,9485838.0,70.76
ITC,EQ,2025-03-05,394.85,394.5,412.75,394.5,409.2,405.05,399.82,15665018,6263165318.05,169098,10471994.0,66.85
ITC,EQ,2025-03-06,405.05,409.15,409.7,400.55,406.2,405.7,403.66,17869996,7213483492.2,170718,9856354.0,55.16
ITC,EQ,2025-03-07,405.7,403.55,405.85,401.7,403.75,403.9,403.66,11180761,4513190673.15,129975,8316240.0,74.38
ITC,EQ,2025-03-10,403.9,401.05,406.85,400.4,404.8,405.0,404.7,9785018,3960032837.25,114078,6841881.0,69.92
ITC,EQ,2025-03-11,405.0,401.5,408.4,401.2,406.2,406.2,406.58,11099475,4512793431.7,116862,7173525.0,64.63
ITC,EQ,2025-03-12,406.2,406.4,413.3,404.0,412.55,412.4,409.75,13844306,5672766834.6,99237,9838272.0,71.06
ITC,EQ,2025-03-13,412.4,413.0,414.4,408.2,411.45,412.05,412.4,8196569,3380286305.7,122083,4119199.0,50.26
ITC,EQ,2025-03-17,412.05,413.0,416.25,407.0,407.8,407.95,409.81,5257859,2154706809.4,87899,3032615.0,57.68
ITC,EQ,2025-03-18,407.95,410.0,411.95,407.75,409.5,409.1,409.5,13861897,5676500784.85,106364,8863863.0,63.94
ITC,EQ,2025-03-19,409.1,410.0,410.75,402.6,403.4,403.05,404.51,12830387,5189984214.6,135494,8344379.0,65.04
ITC,EQ,2025-03-20,403.05,405.0,406.65,401.9,403.6,403.95,403.5,16994037,6857153651.65,125979,10943546.0,64.4
ITC,EQ,2025-03-21,403.95,405.95,407.5,401.7,406.5,405.55,404.1,25302035,10224618507.85,130427,18219840.0,72.01
ITC,EQ,2025-03-24,405.55,407.0,412.85,405.6,411.0,410.9,409.64,14362572,5883505695.5,138703,9532216.0,66.37
ITC,EQ,2025-03-25,410.9,412.0,415.25,408.7,409.2,409.8,411.17,20338110,8362411027.5,138414,11239980.0,55.27
ITC,EQ,2025-03-26,409.8,410.3,411.2,406.25,407.4,407.35,409.03,13891436,5681950426.05,103317,9285307.0,66.84
ITC,EQ,2025-03-27,407.35,408.0,410.7,405.65,409.35,409.45,409.35,18642328,7631235472.2,153590,13235557.0,71.0
ITC,EQ,2025-03-28,409.45,410.9,415.6,408.15,410.25,409.75,410.91,12981873,5334443057.9,114689,7634889.0,58.81
ITC,EQ,2025-04-01,409.75,409.8,414.4,405.6,406.6,406.65,409.28,15206240,6223651577.6,127499,8201108.0,53.93
ITC,EQ,2025-04-02,406.65,407.05,410.0,406.05,408.7,409.05,408.65,8001323,3269711918.8,72562,5412194.0,67.64
ITC,EQ,2025-04-03,409.05,407.05,410.2,406.7,409.0,409.4,408.93,7059566,2886881314.85,78934,4702784.0,66.62
ITC,EQ,2025-04-04,409.4,407.5,412.8,404.5,409.3,409.7,409.44,18627592,7626798175.75,149408,12812576.0,68.78
ITC,EQ,2025-04-07,409.7,390.15,408.1,390.15,406.75,406.05,403.02,26762866,10785870136.45,307280,16977851.0,63.44
ITC,EQ,2025-04-08,406.05,411.9,415.8,407.25,413.5,412.55,411.57,18600796,7655492505.5,234584,10061168.0,54.09
ITC,EQ,2025-04-09,412.55,413.0,419.05,411.25,416.15,416.3,416.41,21785572,9071650104.35,242191,14069801.0,64.58
ITC,EQ,2025-04-11,416.3,420.0,422.45,417.0,422.0,421.55,420.4,8939356,3758063114.55,98015,5569100.0,62.3
ITC,EQ,2025-04-15,421.55,429.2,429.2,419.0,420.35,420.4,421.35,11685880,4923848655.8,129742,7132688.0,61.04
ITC,EQ,2025-04-16,420.4,418.0,426.05,418.0,424.9,424.45,423.29,13034594,5517451893.15,115189,9698883.0,74.41
ITC,EQ,2025-04-17,424.45,425.0,427.85,421.55,427.0,427.25,425.37,22410217,9532679412.9,222404,16623608.0,74.18
ITC,EQ,2025-04-21,427.25,428.05,429.1,421.5,422.95,422.85,422.51,27388236,11571885187.3,218049,19851848.0,72.48
ITC,EQ,2025-04-22,422.85,425.95,434.8,423.55,432.85,433.6,427.96,32031936,13708485407.15,167601,23087946.0,72.08
ITC,EQ,2025-04-23,433.6,436.2,437.45,428.85,430.15,430.85,431.14,19566317,8435917733.65,144472,14187075.0,72.51
ITC,EQ,2025-04-24,430.85,431.85,436.05,429.3,429.85,430.05,431.79,26064089,11254147788.1,134018,17581729.0,67.46
ITC,EQ,2025-04-25,430.05,430.05,432.7,423.3,427.6,427.8,425.99,22944377,9774087061.5,120877,16524926.0,72.02
ITC,EQ,2025-04-28,427.8,426.65,430.5,424.75,428.75,428.8,428.56,6287095,2694427013.85,73016,3610000.0,57.42
ITC,EQ,2025-04-29,428.8,428.9,429.6,425.0,425.35,426.0,426.31,11189930,4770331679.8,228223,7539064.0,67.37
ITC,EQ,2025-04-30,426.0,427.4,429.3,422.0,425.0,425.8,426.72,10026546,4278552724.8,197832,6754269.0,67.36
ITC,EQ,2025-05-02,425.8,424.1,431.5,424.1,429.3,430.25,428.82,12769461,5475858517.65,115137,9200332.0,72.05
ITC,EQ,2025-05-05,430.25,430.25,438.5,429.35,437.5,436.95,436.11,11525305,5026339793.8,117066,7823299.0,67.88
ITC,EQ,2025-05-06,436.95,437.5,439.65,433.0,433.2,435.55,436.24,15026568,6555176631.9,133609,11524996.0,76.7
ITC,EQ,2025-05-07,435.55,433.4,435.0,429.7,430.15,431.15,431.77,9710361,4192656819.6,148037,6427443.0,66.19
ITC,EQ,2025-05-08,431.15,429.0,431.5,423.55,429.4,430.6,428.99,19937960,8553117657.75,173524,12197943.0,61.18
ITC,EQ,2025-05-09,430.6,425.95,429.15,423.0,424.0,423.55,425.58,8226512,3501026096.65,134382,5824958.0,70.81
ITC,EQ,2025-05-12,423.55,429.5,436.2,428.15,435.1,435.5,433.63,8031891,3482863921.65,78145,5115462.0,63.69
ITC,EQ,2025-05-13,435.5,434.9,437.95,425.35,427.9,427.9,429.47,14976369,6431940112.45,153294,7642356.0,51.03
ITC,EQ,2025-05-14,427.9,427.1,431.85,425.9,429.05,429.1,428.65,9557309,4096782375.45,96326,6464062.0,67.63
ITC,EQ,2025-05-15,429.1,429.1,435.4,426.0,432.0,432.65,431.14,24263510,10460938250.1,173965,13367091.0,55.09
ITC,EQ,2025-05-16,432.65,434.9,436.2,432.1,435.6,435.7,434.74,16402035,7130684218.55,105849,12342349.0,75.25
ITC,EQ,2025-05-19,435.7,435.0,438.5,432.65,436.1,435.35,435.0,7543854,3281549026.6,104429,4652199.0,61.67
ITC,EQ,2025-05-20,435.35,437.0,440.8,432.9,435.4,434.9,436.58,9868414,4308392163.4,103234,5067871.0,51.35
ITC,EQ,2025-05-21,434.9,436.6,438.2,432.0,432.4,433.0,435.04,5776672,2513103067.75,64175,3274563.0,56.69
ITC,EQ,2025-05-22,433.0,433.0,433.0,422.9,425.5,426.1,425.53,19451749,8277312766.4,172555,11945737.0,61.41
ITC,EQ,2025-05-23,426.1,434.0,439.0,429.0,436.0,436.3,435.32,18536884,8069422032.25,180589,8064365.0,43.5
ITC,EQ,2025-05-26,436.3,438.25,443.55,436.75,442.9,442.9,440.19,13107662,5769828393.55,107919,8263136.0,63.04
ITC,EQ,2025-05-27,442.9,442.9,444.2,430.85,434.7,433.9,436.39,26986022,11776331084.9,224458,15317656.0,56.76
ITC,EQ,2025-05-28,433.9,417.7,422.6,413.0,421.0,420.2,415.08,431851622,179255083660.8,413487,324148854.0,75.06
ITC,EQ,2025-05-29,420.2,422.0,422.8,416.6,419.35,418.75,418.44,21478547,8987465219.9,201763,14032235.0,65.33
ITC,EQ,2025-05-30,418.75,419.1,420.05,416.4,418.75,418.05,417.87,30656239,12810187425.4,159932,21772343.0,71.02
ITC,EQ,2025-06-02,418.05,418.3,420.45,414.55,418.5,419.3,418.16,14973380,6261214003.6,165410,9023989.0,60.27
ITC,EQ,2025-06-03,419.3,419.0,421.7,415.65,417.0,416.95,418.03,13216486,5524919470.2,140901,7216414.0,54.6
ITC,EQ,2025-06-04,416.95,417.15,419.0,415.95,416.8,417.0,417.14,12598933,5255534433.4,116476,8189047.0,65.0
ITC,EQ,2025-06-05,417.0,418.5,420.95,415.75,419.45,419.1,418.56,13212523,5530248629.8,125958,7071012.0,53.52
ITC,EQ,2025-06-06,419.1,420.3,421.3,419.0,421.05,421.05,420.36,8774988,3688650527.2,135147,5898430.0,67.22
ITC,EQ,2025-06-09,421.05,422.0,423.6,420.5,423.0,423.05,422.61,10473123,4426007949.65,152980,7658622.0,73.13
ITC,EQ,2025-06-10,423.05,424.5,428.55,423.05,427.65,427.0,426.58,13041075,5563034401.5,170097,9043141.0,69.34
ITC,EQ,2025-06-11,427.0,428.0,428.1,424.85,425.55,426.15,426.47,20789182,8866064896.5,148079,16968873.0,81.62
ITC,EQ,2025-06-12,426.15,427.0,427.2,419.55,420.95,421.0,421.78,18508835,7806698998.5,250912,10488398.0,56.67
ITC,EQ,2025-06-13,421.0,415.0,419.35,413.5,413.95,413.9,416.29,17873926,7440750348.7,163341,13375911.0,74.83
ITC,EQ,2025-06-16,413.9,414.95,418.9,413.25,418.65,418.2,417.32,7006629,2924040280.95,101302,4349629.0,62.08
ITC,EQ,2025-06-17,418.2,418.1,419.05,415.7,417.05,417.4,417.33,9028406,3767781671.25,115094,5975840.0,66.19
ITC,EQ,2025-06-18,417.4,417.0,418.45,414.9,415.6,415.9,416.11,8036215,3343960493.95,126035,5567601.0,69.28
ITC,EQ,2025-06-19,415.9,415.65,418.25,414.8,415.8,416.0,416.72,12601006,5251107254.85,91846,8357802.0,66.33
ITC,EQ,2025-06-20,416.0,416.0,419.5,416.0,417.25,418.55,418.46,13203184,5524985516.3,110675,9918802.0,75.12
ITC,EQ,2025-06-23,418.55,417.0,417.5,411.75,413.4,413.9,415.0,14839890,6158508971.45,171311,10101657.0,68.07
ITC,EQ,2025-06-24,413.9,416.9,420.65,413.75,414.55,414.35,416.39,16690068,6949518762.75,201406,10167805.0,60.92
ITC,EQ,2025-06-25,414.35,416.4,418.15,415.1,416.1,416.35,416.89,9946718,4146714301.45,150780,7012871.0,70.5
ITC,EQ,2025-06-26,416.35,417.2,420.9,416.25,420.0,420.3,418.46,13703918,5734531592.15,248476,8776093.0,64.04
ITC,EQ,2025-06-27,420.3,421.0,422.0,417.8,420.0,418.65,419.38,21409935,8978830736.0,138937,16714118.0,78.07
ITC,EQ,2025-06-30,418.65,419.8,420.75,415.8,416.3,416.45,417.37,12317124,5140785633.05,145533,9240659.0,75.02
ITC,EQ,2025-07-01,416.45,417.0,418.85,414.9,415.1,415.1,416.37,13670465,5691910423.45,135207,10229290.0,74.83
ITC,EQ,2025-07-02,415.1,416.9,416.9,411.7,413.2,412.95,413.58,15990899,6613437048.0,148675,11678799.0,73.03
ITC,EQ,2025-07-03,412.95,414.0,416.0,411.25,413.9,413.35,413.57,14185298,5866630211.25,142804,7990645.0,56.33
ITC,EQ,2025-07-04,413.35,414.9,415.0,411.75,412.7,412.55,412.8,8256733,3408342585.95,103880,5273419.0,63.87
ITC,EQ,2025-07-07,412.55,413.0,417.2,412.0,416.5,416.15,415.88,6845218,2846807822.5,120392,4158017.0,60.74
ITC,EQ,2025-07-08,416.15,416.15,418.1,414.65,418.0,417.2,416.46,6807192,2834924838.55,76566,4423626.0,64.98
ITC,EQ,2025-07-09,417.2,416.2,420.3,415.45,419.1,419.45,419.08,9930533,4161651352.25,146808,6694458.0,67.41
ITC,EQ,2025-07-10,419.45,420.3,420.3,416.4,416.65,416.85,417.61,6220360,2597661683.25,76333,3726003.0,59.9
ITC,EQ,2025-07-11,416.85,417.0,418.05,415.5,416.65,416.8,416.92,8578844,3576713516.45,96778,5938413.0,69.22
ITC,EQ,2025-07-14,416.8,417.05,419.95,416.55,419.35,419.4,418.9,6896989,2889123352.95,94592,4850678.0,70.33
ITC,EQ,2025-07-15,419.4,420.9,422.4,419.0,422.3,422.1,421.37,8532755,3595425226.2,112643,5565660.0,65.23
ITC,EQ,2025-07-16,422.1,422.1,425.45,420.3,424.4,424.6,423.52,9780773,4142330034.65,91064,7207565.0,73.69
ITC,EQ,2025-07-17,424.6,425.8,425.9,423.0,423.25,423.95,424.62,7240795,3074622256.7,85266,4423015.0,61.08
ITC,EQ,2025-07-18,423.95,425.2,425.2,420.1,422.0,422.75,422.22,6730256,2841642514.05,82551,4259084.0,63.28
ITC,EQ,2025-07-21,422.75,422.0,422.75,418.4,420.3,420.1,420.55,4822343,2028012485.95,85747,2701240.0,56.02
ITC,EQ,2025-07-22,420.1,420.1,420.4,415.2,415.95,416.0,416.82,9869507,4113826380.95,117437,7364729.0,74.62
ITC,EQ,2025-07-23,416.0,417.1,417.9,414.0,415.0,414.95,415.04,12196187,5061866238.4,99775,9363897.0,76.78
ITC,EQ,2025-07-24,414.95,415.85,415.85,409.45,410.0,409.95,411.42,9005157,3704882523.95,132378,5999945.0,66.63
ITC,EQ,2025-07-25,409.95,410.0,410.25,407.75,409.6,409.4,409.17,5824089,2383043433.05,100941,3899862.0,66.96
ITC,EQ,2025-07-28,409.4,410.8,410.85,408.6,409.8,409.9,409.88,8123337,3329557179.75,86106,5321561.0,65.51
ITC,EQ,2025-07-29,409.9,410.0,411.4,408.0,408.2,408.45,409.3,6811772,2788074823.55,97448,4009213.0,58.86
ITC,EQ,2025-07-30,408.45,409.0,409.3,405.75,407.8,407.6,407.37,10915863,4446803251.75,102742,7690447.0,70.45
ITC,EQ,2025-07-31,407.6,405.95,414.0,405.55,411.7,411.95,410.46,19364174,7948130344.7,145541,13166048.0,67.99
ITC,EQ,2025-08-01,411.95,412.4,419.35,411.8,416.6,416.45,416.54,14324065,5966572601.75,143905,8662368.0,60.47
ITC,EQ,2025-08-04,416.45,420.2,422.5,415.1,416.65,416.85,417.96,18352458,7670504419.4,346053,12866158.0,70.11
ITC,EQ,2025-08-05,416.85,417.2,417.95,413.0,413.8,414.15,414.33,8495104,3519798904.05,147684,5815167.0,68.45
ITC,EQ,2025-08-06,414.15,414.15,415.0,410.5,412.2,412.0,411.74,9080543,3738841645.3,123746,5845492.0,64.37
ITC,EQ,2025-08-07,412.0,412.0,414.75,411.65,413.8,413.6,413.34,11514878,4759538600.1,107647,7947946.0,69.02
ITC,EQ,2025-08-08,413.6,413.9,415.35,412.95,414.45,414.5,414.32,9814361,4066250194.9,95336,6707257.0,68.34
ITC,EQ,2025-08-11,414.5,414.5,417.0,414.0,417.0,416.85,416.05,8514272,3542355434.8,111986,5806325.0,68.2
ITC,EQ,2025-08-12,416.85,417.0,419.8,415.3,416.1,416.35,417.43,13635738,5692002511.4,105553,9486988.0,69.57
ITC,EQ,2025-08-13,416.35,417.2,417.5,413.6,414.2,414.1,414.82,10874910,4511079760.8,86765,7858050.0,72.26
ITC,EQ,2025-08-14,414.1,414.25,415.05,411.0,411.45,411.45,412.48,9580361,3951669337.5,122767,6374688.0,66.54
ITC,EQ,2025-08-18,411.45,413.0,413.7,404.85,405.3,406.3,408.7,30950814,12649659054.3,193343,25431261.0,82.17
ITC,EQ,2025-08-19,406.3,406.35,409.4,404.5,409.1,409.1,406.86,16681331,6786912397.3,175005,12330175.0,73.92
ITC,EQ,2025-08-20,409.1,409.1,410.25,405.45,406.25,406.05,407.87,18188129,7418416584.55,158846,14553383.0,80.02
ITC,EQ,2025-08-21,406.05,406.05,406.85,403.35,406.0,405.55,405.69,15028966,6097100177.45,182931,9738849.0,64.8
ITC,EQ,2025-08-22,405.55,406.0,406.5,397.5,398.3,398.3,399.91,13087624,5233881432.8,204639,8947365.0,68.37
ITC,EQ,2025-08-25,398.3,399.0,400.55,396.25,399.15,399.35,399.17,10440286,4167497911.5,142577,7190743.0,68.87
ITC,EQ,2025-08-26,399.35,399.3,405.4,398.4,403.35,403.35,402.3,13715752,5517842190.0,180641,9437000.0,68.8
ITC,EQ,2025-08-28,403.35,404.5,404.5,400.0,400.8,400.9,401.4,12471719,5006114050.0,165609,8546436.0,68.53
ITC,EQ,2025-08-29,400.9,402.0,410.45,401.9,409.5,409.75,407.54,25255050,10292536558.9,152907,19019266.0,75.31
ITC,EQ,2025-09-01,409.75,409.75,410.2,405.0,405.55,405.85,406.32,12268090,4984783795.8,169790,8627807.0,70.33
ITC,EQ,2025-09-02,405.85,406.55,407.85,404.45,407.0,406.75,406.37,19808255,8049546791.5,224334,13410269.0,67.7
ITC,EQ,2025-09-03,406.75,408.5,413.25,407.3,411.1,411.75,410.55,12936588,5311134586.6,118422,8367495.0,64.68
ITC,EQ,2025-09-04,411.75,423.95,427.0,415.0,415.75,415.9,418.56,27274123,11415887821.05,271564,16395824.0,60.11
ITC,EQ,2025-09-05,415.9,416.9,417.0,404.4,407.9,407.35,406.82,16000675,6509428201.45,213298,8934303.0,55.84
ITC,EQ,2025-09-08,407.35,407.45,410.55,406.8,408.4,407.55,408.21,7419022,3028506105.15,113635,4416168.0,59.52
ITC,EQ,2025-09-09,407.55,408.5,410.95,407.4,410.0,410.05,409.78,8825896,3616692854.6,88691,5863268.0,66.43
ITC,EQ,2025-09-10,410.05,411.0,413.7,408.95,413.0,413.05,411.25,9252397,3805055609.05,141806,6628182.0,71.64
ITC,EQ,2025-09-11,413.05,413.05,416.7,412.45,415.35,415.05,415.51,8274406,3438066391.55,195524,5639007.0,68.15
ITC,EQ,2025-09-12,415.05,415.35,417.05,412.85,413.55,413.75,414.89,7803379,3237550924.5,78225,5139596.0,65.86
ITC,EQ,2025-09-15,413.75,413.05,414.3,411.75,412.8,412.65,413.05,5707331,2357418512.55,91972,3510955.0,61.52
ITC,EQ,2025-09-16,412.65,413.2,414.35,412.0,413.65,413.1,413.12,8239087,3403729371.05,97899,4873272.0,59.15
ITC,BL,2025-09-16,401.6,412.65,412.65,412.65,412.65,412.65,412.65,590933,243848502.45,1,,
ITC,EQ,2025-09-17,413.1,413.95,414.6,408.05,410.05,409.3,410.17,14113882,5789128854.55,147228,9725314.0,68.91
ITC,BL,2025-09-18,412.65,409.3,409.3,409.3,409.3,409.3,409.3,645111,264043932.3,1,,
ITC,EQ,2025-09-18,409.3,411.35,413.05,410.1,412.5,411.55,411.51,15647808,6439299773.3,105500,11051490.0,70.63
ITC,EQ,2025-09-19,411.55,411.55,412.6,408.95,410.0,410.65,410.47,19505321,8006379578.25,119041,14018475.0,71.87
ITC,EQ,2025-09-22,410.65,410.65,411.0,406.05,407.0,406.95,408.02,8930779,3643975296.25,128779,6249765.0,69.98
ITC,EQ,2025-09-23,406.95,407.1,408.1,402.1,404.0,403.2,403.67,14936357,6029414917.85,165353,8857898.0,59.3
ITC,EQ,2025-09-24,403.2,403.2,404.65,400.7,401.0,401.0,401.65,12380865,4972836129.35,117613,9752591.0,78.77
ITC,EQ,2025-09-25,401.0,401.45,403.0,398.0,400.45,400.1,400.05,22006368,8803608106.55,174393,15563104.0,70.72
ITC,EQ,2025-09-26,400.1,400.1,405.9,399.8,405.0,405.1,403.62,14414044,5817782528.9,120767,9038880.0,62.71
ITC,EQ,2025-09-29,405.1,406.9,408.0,403.2,404.4,407.25,406.55,19717660,8016125728.8,138356,14083060.0,71.42
ITC,EQ,2025-09-30,407.25,406.75,406.75,400.4,401.7,401.55,402.22,9465490,3807199569.5,135011,5853103.0,61.84
ITC,EQ,2025-10-01,401.55,402.35,406.0,399.75,404.9,405.6,403.72,17643039,7122831971.25,116986,12414506.0,70.36
ITC,EQ,2025-10-03,405.6,404.9,405.5,402.3,404.6,404.3,404.32,16987141,6868213808.3,119898,13399155.0,78.88
ITC,EQ,2025-10-06,404.3,403.0,403.9,399.8,401.1,400.75,400.71,13989077,5605584637.3,119696,10647662.0,76.11
ITC,EQ,2025-10-07,400.75,402.5,402.6,399.5,399.9,399.8,400.47,12298968,4925318576.7,128812,8332655.0,67.75
ITC,EQ,2025-10-08,399.8,400.0,401.75,398.0,399.5,399.75,399.5,8402463,3356745732.55,93216,5795791.0,68.98
ITC,EQ,2025-10-09,399.75,399.0,401.4,398.95,399.3,399.9,399.97,15656267,6262021427.1,127019,11121524.0,71.04
ITC,EQ,2025-10-10,399.9,400.45,403.85,399.5,402.5,402.8,402.29,15085738,6068794009.1,115991,10889910.0,72.19
ITC,EQ,2025-10-13,402.8,400.0,400.95,398.55,399.4,399.25,399.67,9508594,3800278856.7,172792,5880503.0,61.84
ITC,EQ,2025-10-14,399.25,400.0,400.85,396.2,396.7,396.8,397.77,10291102,4093509264.0,155469,5529960.0,53.74
ITC,EQ,2025-10-15,396.8,398.0,400.85,397.25,400.3,399.9,399.77,16043867,6413886116.5,107335,12364172.0,77.06
ITC,EQ,2025-10-16,399.9,401.0,406.0,399.55,405.45,405.15,403.0,22962049,9253741617.7,161737,16562623.0,72.13
ITC,EQ,2025-10-17,405.15,405.35,413.85,405.25,411.4,412.15,411.42,21071344,8669197740.65,155146,13338759.0,63.3
ITC,EQ,2025-10-20,412.15,412.55,414.85,411.3,412.6,413.05,412.96,13083621,5403072501.6,126249,7831269.0,59.86
ITC,EQ,2025-10-21,413.05,413.5,413.95,412.35,412.5,412.85,412.93,1142130,471623300.6,38260,749275.0,65.64
ITC,EQ,2025-10-23,412.85,416.0,420.45,413.55,416.25,415.95,417.33,24305990,10143543220.15,189470,15101708.0,62.13
ITC,EQ,2025-10-24,415.95,415.95,417.95,413.45,417.8,416.8,415.51,14935678,6205957776.1,114037,9795216.0,65.58
ITC,EQ,2025-10-27,416.8,417.0,422.7,416.6,421.0,420.65,420.58,11603679,4880229507.85,115318,7648736.0,65.92
ITC,EQ,2025-10-28,420.65,420.5,421.65,415.9,417.85,417.9,417.96,17163147,7173491707.05,147046,9293633.0,54.15
ITC,EQ,2025-10-29,417.9,418.2,422.2,416.05,421.85,421.6,419.47,11470661,4811576571.15,126826,7555657.0,65.87
ITC,EQ,2025-10-30,421.6,421.6,421.7,416.15,419.35,418.75,419.29,12938674,5425028130.2,128633,7212238.0,55.74
ITC,EQ,2025-10-31,418.75,420.5,426.4,418.2,419.95,420.35,422.45,18599864,7857495955.95,203655,9638882.0,51.82
ITC,EQ,2025-11-03,420.35,419.95,421.65,413.3,414.0,413.95,415.71,7635440,3174092208.2,168846,4411700.0,57.78
ITC,EQ,2025-11-04,413.95,414.0,414.5,408.35,408.8,408.9,410.16,10085404,4136635461.4,140114,6914720.0,68.56
ITC,EQ,2025-11-06,408.9,410.0,413.3,406.55,408.5,407.5,408.26,10095563,4121588309.65,146248,6152789.0,60.95
ITC,EQ,2025-11-07,407.5,406.05,409.1,403.1,404.4,404.05,405.13,8411611,3407815043.2,92747,5916918.0,70.34
ITC,EQ,2025-11-10,404.05,404.05,407.1,403.65,406.0,405.55,405.75,6650003,2698266556.55,128591,4213671.0,63.36
ITC,EQ,2025-11-11,405.55,406.0,408.05,404.6,407.2,406.85,406.29,12005318,4877632724.55,97321,8058840.0,67.13
ITC,EQ,2025-11-12,406.85,408.0,408.1,405.55,407.4,407.0,406.82,7987236,3249380333.55,107940,5007110.0,62.69
ITC,EQ,2025-11-13,407.0,407.0,407.5,404.5,406.5,405.7,406.31,6617185,2688612018.5,90395,3931292.0,59.41
ITC,EQ,2025-11-14,405.7,404.7,408.75,400.1,408.25,408.15,401.39,64020258,25697182566.8,151924,56149205.0,87.71
ITC,EQ,2025-11-17,408.15,409.75,412.0,406.0,407.5,407.1,407.38,7855399,3200140693.4,114679,4851834.0,61.76
ITC,BL,2025-11-18,409.3,407.1,407.1,407.1,407.1,407.1,407.1,47551346,19358152956.6,1,,
ITC,EQ,2025-11-18,407.1,408.25,409.8,404.55,405.7,405.85,405.64,7661681,3107854790.65,92029,3931926.0,51.32
ITC,EQ,2025-11-19,405.85,404.85,405.55,402.8,403.7,403.55,403.68,7882450,3181992048.1,134281,5063831.0,64.24
ITC,EQ,2025-11-20,403.55,403.55,407.0,403.25,405.6,405.45,405.55,6693410,2714519990.35,108333,3948834.0,59.0
ITC,EQ,2025-11-21,405.45,405.0,408.5,404.7,408.0,407.85,407.28,5808131,2365541111.25,92059,3897974.0,67.11
ITC,EQ,2025-11-24,407.85,408.4,408.8,402.85,404.2,403.55,404.39,11037491,4463445092.75,128280,8719220.0,79.0
ITC,EQ,2025-11-25,403.55,403.55,404.5,400.1,400.4,400.8,402.29,8199785,3298722901.65,114076,5192578.0,63.33
ITC,EQ,2025-11-26,400.8,401.0,403.95,400.95,402.55,402.3,402.6,11443953,4607286432.4,107847,7833650.0,68.45
ITC,EQ,2025-11-27,402.3,403.5,405.95,402.1,405.0,404.3,403.22,8679529,3499792465.4,105551,5374198.0,61.92
ITC,EQ,2025-11-28,404.3,404.3,405.0,402.5,404.3,404.25,403.67,6883500,2778654678.4,104754,4628335.0,67.24
ITC,EQ,2025-12-01,404.25,402.8,405.5,398.2,404.05,404.25,402.48,13442658,5410424427.9,204438,7121279.0,52.98
ITC,EQ,2025-12-02,404.25,404.25,405.5,400.5,401.7,400.95,401.68,8093808,3251135210.45,112342,4660483.0,57.58
ITC,EQ,2025-12-03,400.95,401.7,402.2,398.85,400.7,400.5,400.33,10772192,4312388380.25,145572,7422026.0,68.9
ITC,EQ,2025-12-04,400.5,400.1,403.55,399.05,403.25,403.05,402.09,8057989,3240008562.15,100529,4940817.0,61.32
ITC,EQ,2025-12-05,403.05,403.05,405.35,402.0,404.6,404.95,404.12,4419747,1786097800.35,73360,2798339.0,63.31
ITC,EQ,2025-12-08,404.95,404.95,405.25,400.55,402.0,402.3,402.89,6056866,2440276710.15,101139,3481554.0,57.48
ITC,EQ,2025-12-09,402.3,402.0,404.5,400.0,401.25,401.05,402.28,9426717,3792190139.05,119643,5447982.0,57.79
ITC,EQ,2025-12-10,401.05,401.1,404.4,401.0,403.05,403.15,403.31,6969146,2810730997.45,106280,4636497.0,66.53
ITC,EQ,2025-12-11,403.15,403.15,404.0,401.1,403.0,402.9,402.4,6980147,2808821372.05,99653,4124620.0,59.09
ITC,EQ,2025-12-12,402.9,402.9,404.0,399.85,400.7,400.1,400.55,12407516,4969785471.85,115410,9825962.0,79.19
ITC,EQ,2025-12-15,400.1,400.1,403.35,399.5,402.0,402.3,401.8,7756564,3116564595.55,96420,4828405.0,62.25
ITC,EQ,2025-12-16,402.3,401.4,405.75,401.05,402.0,401.7,403.11,12347384,4977388189.8,120140,7579095.0,61.38
ITC,EQ,2025-12-17,401.7,401.0,403.1,399.1,400.25,399.8,400.53,8087490,3239301844.8,117330,5674568.0,70.16
ITC,EQ,2025-12-18,399.8,400.0,401.95,399.85,400.85,400.4,400.74,7227668,2896390248.8,106780,4867729.0,67.35
ITC,EQ,2025-12-19,400.4,400.25,402.65,400.25,400.9,401.05,401.39,10654835,4276783887.2,138048,6957888.0,65.3
ITC,EQ,2025-12-22,401.05,401.6,403.65,401.2,402.85,402.7,402.79,6847871,2758263703.8,96410,4902207.0,71.59
ITC,EQ,2025-12-23,402.7,402.5,408.9,401.8,408.85,407.35,405.66,10081997,4089815715.85,158483,5484078.0,54.39
ITC,EQ,2025-12-24,407.35,407.95,409.5,405.65,406.8,406.6,407.18,5777430,2352433725.0,73260,3085732.0,53.41
ITC,EQ,2025-12-26,406.6,406.5,407.15,403.85,404.9,404.15,404.63,3152453,1275562322.6,76263,2035880.0,64.58
ITC,EQ,2025-12-29,404.15,404.1,404.8,401.45,402.95,402.6,402.55,6647710,2676007103.7,90644,3978195.0,59.84
ITC,EQ,2025-12-30,402.6,403.0,403.45,400.3,401.1,400.6,401.22,12340527,4951265566.85,134214,9651082.0,78.21
ITC,EQ,2025-12-31,400.6,401.1,403.75,400.85,402.7,403.0,402.81,9945109,4005957774.45,93789,7544490.0,75.86
ITC,EQ,2026-01-01,403.0,402.7,402.7,362.7,363.95,363.85,374.71,282626710,105902987176.3,1497861,156367722.0,55.33
ITC,EQ,2026-01-02,363.85,360.0,360.0,345.25,350.1,350.05,349.61,118790358,41530103424.05,911774,51284192.0,43.17
ITC,EQ,2026-01-05,350.05,350.2,353.95,346.05,349.6,349.7,350.61,48358124,16954786530.5,449885,28875135.0,59.71
ITC,EQ,2026-01-06,349.7,350.25,350.7,337.75,343.25,342.45,342.54,72582738,24862418456.65,618090,44400934.0,61.17
ITC,EQ,2026-01-07,342.45,343.0,344.55,339.3,341.75,341.25,341.74,29440734,10061169190.15,385259,18619935.0,63.25
ITC,EQ,2026-01-08,341.25,341.5,345.15,339.05,340.5,340.9,341.13,36706319,12521721172.05,317166,22589995.0,61.54
ITC,EQ,2026-01-09,340.9,340.9,341.0,336.1,338.25,337.15,338.09,35193201,11898498989.6,430291,24632319.0,69.99
ITC,EQ,2026-01-12,337.15,338.25,339.5,335.8,338.0,338.4,337.78,16156143,5457235038.85,213285,10055230.0,62.24
ITC,EQ,2026-01-13,338.4,339.0,339.5,333.7,334.3,334.7,335.34,24922339,8357506586.55,237948,14312199.0,57.43
ITC,EQ,2026-01-14,334.7,336.0,336.0,333.45,334.85,334.75,334.9,14913422,4994508399.3,206398,9290859.0,62.3
ITC,EQ,2026-01-16,334.75,337.5,337.5,328.55,329.0,329.2,331.06,30526898,10106142548.8,344862,20127221.0,65.93
ITC,EQ,2026-01-19,329.2,330.0,334.65,327.3,332.8,333.2,331.9,15507440,5146896960.75,182190,9108638.0,58.74
ITC,EQ,2026-01-20,333.2,334.05,334.5,325.5,326.15,326.3,329.59,18771011,6186667084.45,224010,11260957.0,59.99
ITC,EQ,2026-01-21,326.3,326.0,329.3,324.35,325.05,324.75,326.02,14177965,4622334427.75,212066,8009030.0,56.49
ITC,EQ,2026-01-22,324.75,326.1,328.7,321.05,325.55,324.85,325.12,18622852,6054614413.45,214762,10598123.0,56.91
ITC,EQ,2026-01-23,324.85,325.55,326.4,322.7,323.0,323.4,324.48,11950089,3877610831.5,147883,7528908.0,63.0
ITC,EQ,2026-01-27,323.4,323.6,324.7,317.85,319.8,318.65,320.05,47847784,15313889340.85,291334,32671728.0,68.28
ITC,EQ,2026-01-28,318.65,319.95,323.7,319.35,321.4,321.15,321.1,28400238,9119202270.5,175716,18160660.0,63.95
ITC,EQ,2026-01-29,321.15,322.6,322.6,318.05,318.8,318.6,318.98,17719420,5652076130.5,167761,10169214.0,57.39
ITC,EQ,2026-01-30,318.6,318.8,325.15,316.45,322.3,322.15,321.82,41975824,13508758883.65,255515,27823916.0,66.29
ITC,EQ,2026-02-01,322.15,324.6,324.6,306.05,308.15,309.45,314.62,33278995,10470159897.55,352370,18613183.0,55.93
ITC,EQ,2026-02-02,309.45,309.45,315.4,302.0,314.55,314.7,308.57,35227572,10870308122.7,365578,18067657.0,51.29
ITC,EQ,2026-02-03,314.7,321.2,324.75,311.6,316.95,316.65,315.87,33168353,10477003433.8,252922,15905401.0,47.95
ITC,EQ,2026-02-04,316.65,312.5,314.95,311.35,313.85,313.85,313.67,11196759,3512093652.6,171556,6333449.0,56.57
ITC,EQ,2026-02-05,313.85,313.95,315.35,309.3,310.1,310.2,310.96,15816704,4918377985.9,263742,9544800.0,60.35
ITC,EQ,2026-02-06,310.2,310.0,327.7,308.3,326.35,325.8,322.67,68057745,21959853321.3,358377,28825308.0,42.35
ITC,EQ,2026-02-09,325.8,327.95,328.7,321.65,322.7,322.8,323.66,20059198,6492354416.3,169853,10459781.0,52.14
ITC,EQ,2026-02-10,322.8,323.0,323.55,320.75,321.25,321.4,321.76,11489090,3696775555.25,146227,6004276.0,52.26
ITC,EQ,2026-02-11,321.4,321.95,322.2,316.3,318.1,318.25,317.45,24843366,7886524787.95,168577,18129268.0,72.97
ITC,EQ,2026-02-12,318.25,317.3,320.4,316.9,317.5,317.45,318.28,13294561,4231413265.15,155726,5941271.0,44.69
ITC,EQ,2026-02-13,317.45,316.0,318.4,313.25,313.6,313.75,315.37,8730618,2753341305.65,131785,5066684.0,58.03
ITC,EQ,2026-02-16,313.75,313.75,318.25,313.15,318.1,317.95,316.61,11693763,3702390906.1,132407,6320760.0,54.05
ITC,EQ,2026-02-17,317.95,318.45,328.05,318.15,325.4,325.45,324.94,39360672,12789737872.3,246283,23180436.0,58.89
ITC,EQ,2026-02-18,325.45,326.0,332.95,324.8,332.65,332.45,330.36,35473203,11719043134.9,228303,18663783.0,52.61
ITC,EQ,2026-02-19,332.45,334.05,334.25,325.0,325.8,326.0,329.01,19911747,6551069293.75,169746,11698620.0,58.75
ITC,EQ,2026-02-20,326.0,325.05,327.85,325.05,327.2,327.0,326.79,11282027,3686834270.95,95724,7404436.0,65.63
ITC,EQ,2026-02-23,327.0,327.0,328.1,324.4,325.65,325.4,325.58,13486092,4390780982.05,118812,8424872.0,62.47
ITC,EQ,2026-02-24,325.4,324.0,325.4,322.05,324.2,323.5,323.47,13135859,4249087939.95,170638,7790375.0,59.31
ITC,EQ,2026-02-25,323.5,325.5,326.6,318.1,319.2,319.75,321.05,13492101,4331678210.95,143953,7534363.0,55.84
ITC,EQ,2026-02-26,319.75,320.0,321.4,317.6,318.45,318.3,318.98,11270119,3594934700.8,166420,5815004.0,51.6
ITC,EQ,2026-02-27,318.3,316.0,317.75,312.65,314.2,313.6,314.74,13892595,4372495896.7,188463,8750496.0,62.99
ITC,EQ,2026-03-02,313.6,307.0,315.75,307.0,314.7,314.9,313.07,22194311,6948300891.05,250280,10419926.0,46.95
ITC,EQ,2026-03-04,314.9,310.6,315.5,310.5,311.95,311.95,312.43,24165489,7550027631.8,281005,16136963.0,66.78
ITC,EQ,2026-03-05,311.95,312.2,313.6,308.2,311.65,311.5,310.7,19938009,6194801511.75,206179,11493042.0,57.64
ITC,EQ,2026-03-06,311.5,310.05,312.3,309.2,309.95,309.7,310.4,21288269,6607851781.95,212819,14537871.0,68.29
ITC,EQ,2026-03-09,309.7,305.0,307.2,303.6,305.0,306.0,305.17,14084931,4298250338.75,190235,7581253.0,53.83
ITC,EQ,2026-03-10,306.0,309.0,310.0,303.75,309.5,309.05,306.71,18352950,5629105639.75,156365,9564644.0,52.12
ITC,EQ,2026-03-11,309.05,309.05,310.65,307.7,308.9,309.0,309.01,14842485,4586523806.05,194139,9698273.0,65.34
ITC,EQ,2026-03-12,309.0,307.05,308.0,302.85,303.8,304.1,305.89,23319679,7133363402.95,209187,13240124.0,56.78
ITC,EQ,2026-03-13,304.1,304.0,306.0,300.65,301.9,301.45,302.8,25659996,7769761466.1,245554,15192702.0,59.21
ITC,EQ,2026-03-16,301.45,302.55,309.45,302.0,307.45,308.25,305.48,37472204,11447019039.8,222548,25693161.0,68.57
ITC,EQ,2026-03-17,308.25,309.95,309.95,304.05,304.45,304.85,306.07,25649286,7850394221.15,200983,16614436.0,64.78
ITC,EQ,2026-03-18,304.85,305.9,306.95,303.5,304.0,304.05,305.0,16702554,5094280816.95,138882,9753170.0,58.39
ITC,EQ,2026-03-19,304.05,301.5,305.5,297.1,299.1,298.0,299.77,17851126,5351244310.05,246450,9005508.0,50.45
ITC,EQ,2026-03-20,298.0,301.05,308.75,298.15,299.8,299.95,303.3,58679529,17797484427.15,341612,43890464.0,74.8
ITC,EQ,2026-03-23,299.95,298.9,299.0,289.55,290.95,290.45,291.99,31788160,9281862168.35,379322,18189965.0,57.22
ITC,EQ,2026-03-24,290.45,295.95,296.0,288.75,292.3,291.25,290.76,33335721,9692840542.6,221679,19522864.0,58.56
ITC,EQ,2026-03-25,291.25,292.7,298.5,292.25,295.75,295.7,296.42,26184716,7761778320.6,181458,15608743.0,59.61
ITC,EQ,2026-03-27,295.7,294.7,296.85,291.55,294.55,294.7,294.29,22179022,6527161794.45,181894,14239153.0,64.2
ITC,EQ,2026-03-30,294.7,293.6,294.45,287.0,288.5,287.7,290.13,24586921,7133459794.75,212496,14177413.0,57.66
ITC,EQ,2026-04-01,287.7,293.0,294.45,290.9,292.2,291.7,292.47,18604340,5441167899.3,140075,10203383.0,54.84
ITC,EQ,2026-04-02,291.7,290.25,293.65,288.4,292.3,292.85,291.13,18082775,5264458303.15,197613,8948632.0,49.49
ITC,EQ,2026-04-06,292.85,293.0,295.35,290.25,294.8,294.85,292.85,18047063,5285163130.8,215231,10151494.0,56.25
ITC,EQ,2026-04-07,294.85,294.15,299.0,292.75,298.65,298.45,297.09,26963485,8010671591.6,210320,15564144.0,57.72
ITC,EQ,2026-04-08,298.45,303.9,304.6,301.55,302.3,302.45,303.06,22310207,6761268279.1,180186,14408000.0,64.58
ITC,EQ,2026-04-09,302.45,301.5,304.4,301.25,303.0,303.0,303.14,17691477,5363059735.75,176075,11822938.0,66.83
ITC,EQ,2026-04-10,303.0,303.0,305.4,302.6,304.15,304.25,304.07,17744386,5395529037.9,124063,11402608.0,64.26
ITC,EQ,2026-04-13,304.25,300.0,301.45,298.1,298.9,298.65,299.44,16522014,4947377826.7,180968,9515601.0,57.59
ITC,EQ,2026-04-15,298.65,300.7,304.0,300.55,302.2,302.05,302.42,18701403,5655682695.8,192295,12758423.0,68.22
ITC,EQ,2026-04-16,302.05,302.95,305.35,301.85,303.95,303.4,303.23,16512053,5006884013.45,169617,8329818.0,50.45
ITC,EQ,2026-04-17,303.4,303.85,309.95,303.85,307.0,306.8,307.52,35111203,10797329192.4,249619,16666367.0,47.47
ITC,EQ,2026-04-20,306.8,307.0,307.95,304.45,304.9,305.0,306.09,13540471,4144592967.8,122052,8621133.0,63.67
ITC,EQ,2026-04-21,305.0,305.0,311.1,304.55,310.15,309.65,306.96,24411865,7493498723.5,182624,15579384.0,63.82
ITC,EQ,2026-04-22,309.65,310.0,310.55,305.1,305.5,305.5,306.39,24500511,7506809236.0,165832,14590220.0,59.55
ITC,EQ,2026-04-23,305.5,304.0,306.35,303.25,305.35,305.3,305.0,10701849,3264104449.55,95400,6300934.0,58.88
ITC,EQ,2026-04-24,305.3,306.65,306.65,301.1,301.45,301.6,303.02,17011704,5154966360.8,165949,11738597.0,69.0
ITC,EQ,2026-04-27,301.6,303.65,305.65,302.85,304.0,303.85,304.12,14382348,4373975412.5,118826,9273904.0,64.48
ITC,EQ,2026-04-28,303.85,304.4,305.8,302.55,304.25,304.45,304.67,12907339,3932414488.9,106023,7854943.0,60.86
ITC,EQ,2026-04-29,304.45,305.1,317.5,305.1,316.0,316.25,313.93,31199038,9794300607.15,209945,14611060.0,46.83
ITC,EQ,2026-04-30,316.25,316.25,317.5,313.3,315.2,314.9,315.35,11541956,3639810221.8,147148,5247298.0,45.46
ITC,EQ,2026-05-04,314.9,317.9,317.9,310.5,311.4,311.1,313.63,20245091,6349509910.65,175168,11730183.0,57.94
ITC,EQ,2026-05-05,311.1,311.1,313.7,309.65,310.35,311.45,311.49,26795704,8346571651.9,174972,14613411.0,54.54
ITC,EQ,2026-05-06,311.45,312.8,313.6,309.25,310.75,310.7,310.74,20287609,6304184013.15,252328,12269867.0,60.48
ITC,EQ,2026-05-07,310.7,311.45,311.65,307.0,307.55,307.4,308.52,25718615,7934745387.15,180779,16453207.0,63.97
ITC,EQ,2026-05-08,307.4,308.9,308.9,305.7,307.2,307.45,307.26,17739844,5450689616.2,156205,10921346.0,61.56
ITC,EQ,2026-05-11,307.45,307.0,308.0,305.15,305.7,305.85,306.7,14968661,4590923998.95,158117,10439996.0,69.75
ITC,EQ,2026-05-12,305.85,305.35,306.25,300.1,300.85,300.7,302.95,15968338,4837632219.6,177484,9345779.0,58.53
ITC,EQ,2026-05-13,300.7,302.0,305.8,301.05,304.8,304.45,304.3,13024778,3963453936.5,188106,8549854.0,65.64
ITC,EQ,2026-05-14,304.45,305.0,309.2,304.85,307.2,307.2,307.57,11113377,3418176560.95,314593,5646634.0,50.81
ITC,EQ,2026-05-15,307.2,307.2,312.05,306.3,309.2,309.45,309.49,11954564,3699769024.15,185043,6440588.0,53.88
ITC,EQ,2026-05-18,309.45,309.45,312.3,306.5,310.95,310.15,309.32,14422870,4461340381.8,297156,6724723.0,46.63
ITC,EQ,2026-05-19,310.15,311.95,314.25,308.35,310.0,310.3,311.72,17519355,5461142698.95,253592,7884868.0,45.01
ITC,EQ,2026-05-20,310.3,309.0,309.65,306.2,307.9,307.55,307.48,12127920,3729082939.15,192330,7142061.0,58.89
ITC,EQ,2026-05-21,307.55,309.85,311.3,305.8,307.65,308.05,307.94,21868988,6734348842.6,230048,12288224.0,56.19
ITC,EQ,2026-05-22,308.05,305.9,307.0,301.0,302.05,301.7,303.66,30751752,9337967818.05,339220,18201271.0,59.19
ITC,EQ,2026-05-25,301.7,303.95,305.5,302.35,304.3,303.95,303.78,15734247,4779749001.55,127469,10538606.0,66.98
ITC,EQ,2026-05-26,303.95,304.35,304.4,301.1,301.9,301.65,301.89,37560542,11339294994.0,255684,30062994.0,80.04
ITC,EQ,2026-05-27,301.65,295.65,296.35,291.05,292.25,291.95,292.91,25446093,7453413035.75,382102,15791158.0,62.06
ITC,EQ,2026-05-29,291.95,292.0,292.4,285.9,287.9,286.9,288.37,31930439,9207635381.25,430026,22037989.0,69.02
ITC,EQ,2026-06-01,286.9,287.8,288.55,278.3,279.3,279.65,282.77,23477875,6638924445.0,438086,14331804.0,61.04
ITC,EQ,2026-06-02,279.65,279.5,283.6,277.1,283.4,283.25,280.64,20206131,5670567934.7,351434,11164643.0,55.25
ITC,EQ,2026-06-03,283.25,282.35,282.35,275.2,276.75,277.0,277.04,28001438,7757611536.35,428631,15108700.0,53.96
ITC,EQ,2026-06-04,277.0,277.0,280.65,275.05,280.1,280.3,279.23,22017634,6148078901.55,320720,13603009.0,61.78
ITC,EQ,2026-06-05,280.3,280.0,281.4,277.85,280.95,280.7,279.95,16065822,4497626941.7,234148,9862118.0,61.39
ITC,EQ,2026-06-08,280.7,279.0,283.45,276.95,280.0,279.45,280.73,15779677,4429782816.9,236195,8496355.0,53.84
ITC,EQ,2026-06-09,279.45,281.7,281.7,277.15,280.0,280.0,279.45,12302522,3437965851.45,253064,6283872.0,51.08
ITC,EQ,2026-06-10,280.0,280.0,285.85,278.65,283.3,283.65,283.69,19823743,5623889755.2,296092,11335170.0,57.18
ITC,EQ,2026-06-11,283.65,283.0,283.25,281.2,282.65,282.4,282.3,12603100,3557822045.95,268703,7556367.0,59.96
ITC,EQ,2026-06-12,282.4,283.55,285.85,283.0,285.7,285.1,284.32,12893433,3665810862.2,371547,8841446.0,68.57
ITC,EQ,2026-06-15,285.1,287.0,288.85,286.7,288.15,287.9,287.81,11194950,3222030354.4,300143,6770618.0,60.48
ITC,EQ,2026-06-16,287.9,288.15,292.15,287.5,291.85,291.65,290.72,14467499,4205946480.9,342311,9766910.0,67.51
ITC,EQ,2026-06-17,291.65,291.95,292.35,290.0,290.9,290.75,290.87,8626353,2509157701.45,242846,5334242.0,61.84
ITC,EQ,2026-06-18,290.75,291.05,291.9,288.0,290.95,291.15,290.24,10409670,3021335692.2,236338,6012882.0,57.76
ITC,EQ,2026-06-19,291.15,289.8,294.55,288.4,293.9,292.5,290.95,13874008,4036648451.4,254060,8472260.0,61.07
ITC,EQ,2026-06-22,292.5,292.8,293.95,290.05,290.75,291.25,291.4,9947873,2898814725.95,265137,5311542.0,53.39
ITC,EQ,2026-06-23,291.25,291.25,293.15,289.65,290.1,290.0,290.89,9410364,2737368402.1,227663,4947375.0,52.57
ITC,EQ,2026-06-24,290.0,290.0,291.4,289.45,290.2,290.35,290.45,6218635,1806205507.85,227851,3268865.0,52.57
ITC,EQ,2026-06-25,290.35,290.35,292.25,289.2,290.0,290.0,290.66,11230239,3264229395.3,288842,5154205.0,45.9
ITC,EQ,2026-06-29,290.0,290.45,291.9,289.35,291.0,290.7,290.7,10110022,2938964571.35,349908,6112475.0,60.46
ITC,EQ,2026-06-30,290.7,291.5,291.6,285.5,287.3,286.95,287.55,18180676,5227938463.7,433044,7603110.0,41.82
ITC,EQ,2026-07-01,286.95,287.85,291.0,287.1,290.05,290.3,289.72,6551425,1898083865.0,248275,3426672.0,52.3
ITC,EQ,2026-07-02,290.3,290.7,291.0,287.7,289.75,289.9,289.63,12722639,3684875766.5,264019,7684812.0,60.4
ITC,EQ,2026-07-03,289.9,291.3,291.6,289.0,290.1,289.95,290.39,6517591,1892672377.3,232269,3684240.0,56.53
ITC,EQ,2026-07-06,289.95,289.95,290.4,287.6,289.0,288.25,288.49,27126124,7825651952.7,307674,21310209.0,78.56
ITC,EQ,2026-07-07,288.25,288.3,290.7,286.55,288.0,288.75,288.6,18491160,5336464642.05,357922,10306641.0,55.74
ITC,EQ,2026-07-08,288.75,286.9,287.85,280.0,280.85,280.65,282.88,21593793,6108481851.55,349436,10906604.0,50.51
ITC,EQ,2026-07-09,280.65,281.25,284.4,281.0,281.85,282.05,282.7,12512120,3537172547.5,261581,7099821.0,56.74
ITC,EQ,2026-07-10,282.05,282.85,283.65,280.85,281.8,281.75,281.84,11774274,3318433752.0,260527,7828124.0,66.48
ITC,EQ,2026-07-13,281.75,281.35,281.5,279.5,279.85,279.65,280.2,12559492,3519171166.2,243354,8527371.0,67.9
ITC,EQ,2026-07-14,279.65,279.25,280.65,275.0,275.3,275.55,276.73,15018851,4156098836.8,319838,8623726.0,57.42
ITC,EQ,2026-07-15,275.55,276.65,277.7,275.3,276.7,276.65,276.67,8523722,2358249749.85,217400,4000015.0,46.93
ITC,EQ,2026-07-16,276.65,277.0,280.45,276.0,279.8,279.35,278.69,11220653,3127103423.95,318621,5785986.0,51.57
ITC,EQ,2026-07-17,279.35,279.35,281.95,277.8,280.5,280.7,280.34,15215868,4265563857.1,402739,8797225.0,57.82
ITC,EQ,2026-07-20,280.7,280.7,283.7,279.5,283.0,282.7,282.12,9913943,2796875062.95,265540,5806053.0,58.56
ITC,EQ,2026-07-21,282.7,283.0,283.95,278.8,281.2,281.0,280.88,9858768,2769159109.55,297080,4738254.0,48.06
ITC,EQ,2026-07-22,281.0,280.5,282.2,278.5,280.8,280.8,280.36,12995017,3643308620.2,279112,7510771.0,57.8
ITC,EQ,2026-07-23,280.8,279.95,284.0,279.65,281.55,281.3,281.37,21143589,5949258167.8,351061,11579425.0,54.77
ITC,EQ,2026-07-24,281.3,279.55,284.85,279.55,284.0,283.45,282.97,24954082,7061186932.2,313376,15748693.0,63.11
ITC,EQ,2026-07-27,283.45,287.75,287.9,285.5,285.95,285.85,286.65,19312804,5536084594.5,236925,12277445.0,63.57
ITC,EQ,2026-07-28,285.85,284.9,287.95,282.3,285.0,284.65,285.0,14843878,4230575780.05,278823,7559128.0,50.92
ITC,EQ,2026-07-29,284.65,285.6,289.05,284.15,286.1,286.25,287.13,19030590,5464277271.6,241335,10008026.0,52.59
ITC,EQ,2026-07-30,286.25,286.1,288.4,283.75,285.55,285.05,285.74,18283697,5224322106.0,201829,9645378.0,52.75
ITC,EQ,2026-07-31,285.05,285.55,285.8,280.05,281.0,281.0,281.62,16833813,4740804923.6,352109,8825007.0,52.42
ITC,EQ,2026-08-03,281.0,284.45,292.55,283.0,287.0,287.0,289.03,45392755,13120068403.8,397056,16649857.0,36.68
ITC,EQ,2026-08-04,287.0,286.05,289.0,284.7,289.0,289.0,286.85,12689243,3639935619.9,292805,5336067.0,42.05
ITC,EQ,2026-08-05,289.0,288.25,288.5,285.0,286.95,286.95,286.14,11771241,3368224048.0,334123,6782486.0,57.62
ITC,EQ,2026-08-06,286.95,285.45,286.35,283.7,285.9,285.9,284.9,12447629,3546375925.85,324464,7032595.0,56.5
ITC,EQ,2026-08-07,285.9,285.0,286.1,284.4,286.1,286.1,285.09,6128841,1747290114.65,66455,3737033.0,60.97
ITC,EQ,2026-08-10,286.1,286.1,286.1,281.4,282.65,282.65,283.32,9347929,2648487210.9,142413,5454183.0,58.35
ITC,EQ,2026-08-11,282.65,282.0,282.6,278.0,279.0,279.0,280.07,13053722,3655999825.65,180422,8846122.0,67.77
ITC,EQ,2026-08-12,279.0,279.0,279.55,275.4,276.15,276.15,277.27,12630816,3502179177.7,178580,7208334.0,57.07
ITC,EQ,2026-08-13,276.15,276.2,278.5,276.05,278.5,278.5,277.24,11335590,3142654318.1,170159,6978747.0,61.56
ITC,EQ,2026-08-14,278.5,278.35,278.35,275.95,278.2,278.2,277.14,7338537,2033826206.4,150815,4115522.0,56.08
ITC,EQ,2026-08-17,278.2,278.2,278.2,273.0,273.05,273.05,274.1,12795275,3507177243.1,215376,7652361.0,59.81
ITC,EQ,2026-08-18,273.05,273.05,273.65,269.15,270.0,270.0,271.01,14561572,3946338732.7,216235,8617471.0,59.18
ITC,EQ,2026-08-19,270.0,270.0,270.95,265.85,267.05,267.05,267.49,13821291,3696994660.3,246568,8836852.0,63.94
ITC,EQ,2026-08-20,267.05,268.2,271.65,265.0,271.65,271.65,268.31,28272797,7585811234.85,238619,18907919.0,66.88
ITC,EQ,2026-08-21,271.65,271.6,271.6,269.0,269.4,269.4,269.84,8312928,2243132156.0,162255,5461181.0,65.7
ITC,EQ,2026-08-24,269.4,270.6,270.6,267.0,269.7,269.7,268.48,8518400,2286997183.35,199892,4894057.0,57.45
ITC,EQ,2026-08-25,269.7,269.7,271.4,267.65,271.4,271.4,269.34,8414719,2266402903.0,144133,4751035.0,56.46
ITC,EQ,2026-08-26,271.4,271.85,273.95,270.25,270.25,270.25,271.84,11693367,3178718776.25,142399,7010608.0,59.95
ITC,EQ,2026-08-27,270.25,269.5,271.25,268.0,269.0,269.0,269.22,8834890,2378495713.45,167184,4897886.0,55.44
ITC,EQ,2026-08-28,269.0,269.0,269.0,264.8,266.0,266.0,265.93,15200847,4042397933.7,204924,9234520.0,60.75
ITC,EQ,2026-08-31,266.0,266.0,266.55,255.5,255.5,255.5,262.3,24575845,6446360784.65,203971,18829561.0,76.62
ITC,EQ,2026-09-01,255.5,261.5,268.2,261.5,266.6,266.6,265.68,31258553,8304791882.35,225390,13523941.0,43.26
ITC,EQ,2026-09-02,266.6,266.0,269.0,262.8,266.3,266.3,266.95,14643482,3909106881.55,244645,7971263.0,54.44
ITC,EQ,2026-09-03,266.3,266.5,267.6,262.35,263.0,263.0,264.49,17813663,4711597457.3,179304,12294251.0,69.02
ITC,EQ,2026-09-04,263.0,264.0,266.25,262.65,264.1,264.1,264.73,9519153,2519988718.35,145963,4936252.0,51.86
ITC,EQ,2026-09-07,264.1,264.1,264.95,262.95,263.5,263.5,263.64,6688002,1763235610.1,149313,3792130.0,56.7
ITC,EQ,2026-09-08,263.5,263.5,265.9,262.7,263.5,263.5,264.44,7406617,1958591277.95,171295,3993453.0,53.92
ITC,EQ,2026-09-09,263.5,263.65,264.5,260.2,260.8,260.8,261.97,10065188,2636757520.95,206864,5965816.0,59.27
ITC,EQ,2026-09-10,260.8,261.0,263.9,259.1,259.3,259.3,260.67,17541602,4572622840.6,109793,10373726.0,59.14
ITC,EQ,2026-09-11,259.3,258.0,261.65,257.7,259.85,259.85,260.46,11116049,2895300271.85,119199,5735433.0,58.39
ITC,EQ,2026-09-15,259.85,261.0,264.2,258.0,258.0,258.0,261.19,12133201,3169116204.55,168656,,
